time,pm10,pm2_5,carbon_monoxide,nitrogen_dioxide,ozone
2024-11-16 00:00:00,5.9,5.8,408.0,23.0,54.0
2024-11-16 01:00:00,5.6,5.6,364.0,21.5,54.0
2024-11-16 02:00:00,6.0,6.0,282.0,19.3,55.0
2024-11-16 03:00:00,6.2,6.2,219.0,16.9,57.0
2024-11-16 04:00:00,6.1,6.0,196.0,14.1,61.0
2024-11-16 05:00:00,5.6,5.5,191.0,11.1,66.0
2024-11-16 06:00:00,5.2,5.1,189.0,9.0,69.0
2024-11-16 07:00:00,4.9,4.8,183.0,8.1,69.0
2024-11-16 08:00:00,4.8,4.7,179.0,8.2,67.0
2024-11-16 09:00:00,5.0,4.8,185.0,9.8,64.0
2024-11-16 10:00:00,5.2,4.9,208.0,14.4,58.0
2024-11-16 11:00:00,5.7,5.5,239.0,20.6,50.0
2024-11-16 12:00:00,2.2,2.2,261.0,19.9,52.0
2024-11-16 13:00:00,3.1,3.0,264.0,17.4,53.0
2024-11-16 14:00:00,3.4,3.3,258.0,14.0,55.0
2024-11-16 15:00:00,2.9,2.9,249.0,11.2,58.0
2024-11-16 16:00:00,3.1,3.1,237.0,9.4,63.0
2024-11-16 17:00:00,3.2,3.2,223.0,8.2,68.0
2024-11-16 18:00:00,3.2,3.2,216.0,8.0,72.0
2024-11-16 19:00:00,3.3,3.3,220.0,9.3,73.0
2024-11-16 20:00:00,3.4,3.4,231.0,11.5,72.0
2024-11-16 21:00:00,4.1,4.0,241.0,13.8,70.0
2024-11-16 22:00:00,4.7,4.7,250.0,16.1,67.0
2024-11-16 23:00:00,4.6,4.6,257.0,18.4,62.0
2024-11-17 00:00:00,4.5,4.5,259.0,19.3,59.0
2024-11-17 01:00:00,3.5,3.5,250.0,18.7,59.0
2024-11-17 02:00:00,3.1,3.1,236.0,17.9,60.0
2024-11-17 03:00:00,3.1,3.0,223.0,16.6,61.0
2024-11-17 04:00:00,3.0,2.9,214.0,14.5,62.0
2024-11-17 05:00:00,2.8,2.7,207.0,12.1,63.0
2024-11-17 06:00:00,2.6,2.5,202.0,10.3,64.0
2024-11-17 07:00:00,2.5,2.5,196.0,9.2,64.0
2024-11-17 08:00:00,2.5,2.5,192.0,8.8,63.0
2024-11-17 09:00:00,2.6,2.6,201.0,10.5,60.0
2024-11-17 10:00:00,2.9,2.9,233.0,16.4,53.0
2024-11-17 11:00:00,3.8,3.7,277.0,24.5,45.0
2024-11-17 12:00:00,3.5,3.5,312.0,26.4,43.0
2024-11-17 13:00:00,5.3,5.2,330.0,25.2,46.0
2024-11-17 14:00:00,6.2,6.1,339.0,23.4,49.0
2024-11-17 15:00:00,5.6,5.5,339.0,21.6,54.0
2024-11-17 16:00:00,5.4,5.3,324.0,19.2,61.0
2024-11-17 17:00:00,5.2,5.1,300.0,16.8,68.0
2024-11-17 18:00:00,4.9,4.8,289.0,16.7,72.0
2024-11-17 19:00:00,4.7,4.6,303.0,19.7,70.0
2024-11-17 20:00:00,4.8,4.7,329.0,25.0,64.0
2024-11-17 21:00:00,6.8,6.7,352.0,32.5,55.0
2024-11-17 22:00:00,14.1,13.8,369.0,44.7,40.0
2024-11-17 23:00:00,18.6,18.3,383.0,59.1,22.0
2024-11-18 00:00:00,29.3,29.3,389.0,73.1,3.0
2024-11-18 01:00:00,29.4,29.3,384.0,70.5,4.0
2024-11-18 02:00:00,28.5,28.5,372.0,66.6,6.0
2024-11-18 03:00:00,28.1,28.1,360.0,61.0,10.0
2024-11-18 04:00:00,27.6,27.6,352.0,52.5,16.0
2024-11-18 05:00:00,26.7,26.7,345.0,42.2,24.0
2024-11-18 06:00:00,26.0,26.0,331.0,33.4,31.0
2024-11-18 07:00:00,24.6,24.6,300.0,26.4,37.0
2024-11-18 08:00:00,22.2,22.1,264.0,20.9,42.0
2024-11-18 09:00:00,20.0,19.8,248.0,18.4,44.0
2024-11-18 10:00:00,18.0,17.8,275.0,21.6,40.0
2024-11-18 11:00:00,16.2,16.1,324.0,27.9,33.0
2024-11-18 12:00:00,12.7,12.5,355.0,30.4,32.0
2024-11-18 13:00:00,13.7,13.6,351.0,27.4,36.0
2024-11-18 14:00:00,13.4,13.2,329.0,23.2,41.0
2024-11-18 15:00:00,11.6,11.4,306.0,19.2,46.0
2024-11-18 16:00:00,9.9,9.6,283.0,15.6,52.0
2024-11-18 17:00:00,9.1,8.6,259.0,12.3,58.0
2024-11-18 18:00:00,8.2,7.8,245.0,10.3,62.0
2024-11-18 19:00:00,7.4,7.1,247.0,9.9,64.0
2024-11-18 20:00:00,6.7,6.5,257.0,11.0,65.0
2024-11-18 21:00:00,6.3,6.1,269.0,13.9,63.0
2024-11-18 22:00:00,7.0,6.9,281.0,20.7,55.0
2024-11-18 23:00:00,7.5,7.4,293.0,29.4,44.0
2024-11-19 00:00:00,12.0,11.9,298.0,41.9,26.0
2024-11-19 01:00:00,11.7,11.6,290.0,38.6,28.0
2024-11-19 02:00:00,11.0,10.9,274.0,33.8,30.0
2024-11-19 03:00:00,9.1,9.0,259.0,28.9,33.0
2024-11-19 04:00:00,6.8,6.8,247.0,23.5,37.0
2024-11-19 05:00:00,5.6,5.6,237.0,18.0,42.0
2024-11-19 06:00:00,5.3,5.3,229.0,14.2,45.0
2024-11-19 07:00:00,5.6,5.6,221.0,12.6,45.0
2024-11-19 08:00:00,6.4,6.4,217.0,12.8,43.0
2024-11-19 09:00:00,7.1,7.1,228.0,15.2,39.0
2024-11-19 10:00:00,7.7,7.7,270.0,22.3,31.0
2024-11-19 11:00:00,8.9,8.8,328.0,31.7,21.0
2024-11-19 12:00:00,9.3,9.1,364.0,36.6,15.0
2024-11-19 13:00:00,10.9,10.8,357.0,31.1,23.0
2024-11-19 14:00:00,8.5,8.4,328.0,23.6,33.0
2024-11-19 15:00:00,6.0,6.0,304.0,17.8,42.0
2024-11-19 16:00:00,5.0,5.0,292.0,15.1,47.0
2024-11-19 17:00:00,4.9,4.9,285.0,14.3,50.0
2024-11-19 18:00:00,5.0,5.0,286.0,15.1,51.0
2024-11-19 19:00:00,5.1,5.1,291.0,17.3,50.0
2024-11-19 20:00:00,5.4,5.4,303.0,21.1,47.0
2024-11-19 21:00:00,6.3,6.3,338.0,27.6,41.0
2024-11-19 22:00:00,15.4,15.3,420.0,39.1,28.0
2024-11-19 23:00:00,25.8,25.5,525.0,53.3,12.0
2024-11-20 00:00:00,28.5,28.2,590.0,62.1,0.0
2024-11-20 01:00:00,36.1,35.9,578.0,61.3,0.0
2024-11-20 02:00:00,37.6,37.3,528.0,60.3,0.0
2024-11-20 03:00:00,37.5,37.3,491.0,59.3,0.0
2024-11-20 04:00:00,31.8,31.4,480.0,58.6,1.0
2024-11-20 05:00:00,27.4,27.1,483.0,58.0,2.0
2024-11-20 06:00:00,25.1,24.8,520.0,57.2,3.0
2024-11-20 07:00:00,25.9,25.6,628.0,56.0,2.0
2024-11-20 08:00:00,25.8,25.5,769.0,54.5,1.0
2024-11-20 09:00:00,24.9,24.6,852.0,53.3,0.0
2024-11-20 10:00:00,23.7,23.4,826.0,52.3,0.0
2024-11-20 11:00:00,24.9,24.5,742.0,51.5,0.0
2024-11-20 12:00:00,26.4,26.1,662.0,46.7,0.0
2024-11-20 13:00:00,27.5,27.2,608.0,48.0,3.0
2024-11-20 14:00:00,22.4,22.1,559.0,49.6,6.0
2024-11-20 15:00:00,18.0,17.6,512.0,50.4,11.0
2024-11-20 16:00:00,16.3,16.0,466.0,48.9,18.0
2024-11-20 17:00:00,14.1,13.9,421.0,46.5,26.0
2024-11-20 18:00:00,13.0,12.8,382.0,45.9,31.0
2024-11-20 19:00:00,12.4,12.2,343.0,49.3,29.0
2024-11-20 20:00:00,12.0,11.8,310.0,54.6,24.0
2024-11-20 21:00:00,12.1,11.8,295.0,58.1,19.0
2024-11-20 22:00:00,14.6,13.9,320.0,59.0,15.0
2024-11-20 23:00:00,14.3,12.9,364.0,58.1,12.0
2024-11-21 00:00:00,16.7,15.3,382.0,55.4,8.0
2024-11-21 01:00:00,14.7,13.0,347.0,48.3,14.0
2024-11-21 02:00:00,12.9,10.9,287.0,38.4,23.0
2024-11-21 03:00:00,12.0,9.9,237.0,29.4,32.0
2024-11-21 04:00:00,10.3,8.4,212.0,22.6,40.0
2024-11-21 05:00:00,8.7,7.1,197.0,16.8,47.0
2024-11-21 06:00:00,7.7,6.3,186.0,12.4,53.0
2024-11-21 07:00:00,6.0,4.8,174.0,9.1,58.0
2024-11-21 08:00:00,4.7,3.7,165.0,7.3,62.0
2024-11-21 09:00:00,3.7,2.9,164.0,8.5,61.0
2024-11-21 10:00:00,3.3,2.7,174.0,15.2,53.0
2024-11-21 11:00:00,3.7,3.3,191.0,25.0,41.0
2024-11-21 12:00:00,6.3,5.8,210.0,34.5,31.0
2024-11-21 13:00:00,6.3,5.9,231.0,35.5,29.0
2024-11-21 14:00:00,6.9,6.6,254.0,36.9,26.0
2024-11-21 15:00:00,7.1,6.9,269.0,37.4,25.0
2024-11-21 16:00:00,6.3,6.1,269.0,35.7,26.0
2024-11-21 17:00:00,5.7,5.5,261.0,33.1,28.0
2024-11-21 18:00:00,5.5,5.3,260.0,32.4,29.0
2024-11-21 19:00:00,6.1,5.9,276.0,35.9,26.0
2024-11-21 20:00:00,7.0,6.8,299.0,41.3,21.0
2024-11-21 21:00:00,7.5,7.3,306.0,44.8,18.0
2024-11-21 22:00:00,7.6,7.4,282.0,44.4,20.0
2024-11-21 23:00:00,7.3,7.2,241.0,42.1,24.0
2024-11-22 00:00:00,4.8,4.7,211.0,31.2,32.0
2024-11-22 01:00:00,4.6,4.5,202.0,28.3,36.0
2024-11-22 02:00:00,3.5,3.4,203.0,24.2,41.0
2024-11-22 03:00:00,2.3,2.2,203.0,20.6,44.0
2024-11-22 04:00:00,1.4,1.3,199.0,18.4,44.0
2024-11-22 05:00:00,1.2,1.2,194.0,16.7,43.0
2024-11-22 06:00:00,1.1,1.1,189.0,15.0,42.0
2024-11-22 07:00:00,1.0,1.0,184.0,12.7,43.0
2024-11-22 08:00:00,1.4,1.4,180.0,10.4,45.0
2024-11-22 09:00:00,1.5,1.4,180.0,9.6,46.0
2024-11-22 10:00:00,2.2,2.1,186.0,11.5,44.0
2024-11-22 11:00:00,3.3,3.3,195.0,15.0,41.0
2024-11-22 12:00:00,2.3,2.2,206.0,17.0,38.0
2024-11-22 13:00:00,3.7,3.6,220.0,17.9,34.0
2024-11-22 14:00:00,4.7,4.6,236.0,19.1,30.0
2024-11-22 15:00:00,4.7,4.6,247.0,20.2,26.0
2024-11-22 16:00:00,4.6,4.5,249.0,20.7,25.0
2024-11-22 17:00:00,4.9,4.8,247.0,21.0,26.0
2024-11-22 18:00:00,5.5,5.4,245.0,22.4,25.0
2024-11-22 19:00:00,5.7,5.6,246.0,25.6,22.0
2024-11-22 20:00:00,5.8,5.7,248.0,29.9,17.0
2024-11-22 21:00:00,6.4,6.3,251.0,33.8,13.0
2024-11-22 22:00:00,6.7,6.5,255.0,36.9,9.0
2024-11-22 23:00:00,6.6,6.5,261.0,39.6,6.0
2024-11-23 00:00:00,14.1,13.8,271.0,44.0,2.0
2024-11-23 01:00:00,10.8,10.5,290.0,44.7,1.0
2024-11-23 02:00:00,9.7,9.3,314.0,45.5,0.0
2024-11-23 03:00:00,10.0,9.7,326.0,45.7,0.0
2024-11-23 04:00:00,9.7,9.3,318.0,45.2,2.0
2024-11-23 05:00:00,8.8,8.2,299.0,44.0,5.0
2024-11-23 06:00:00,8.3,7.5,281.0,41.0,10.0
2024-11-23 07:00:00,8.6,7.6,265.0,34.3,18.0
2024-11-23 08:00:00,9.1,7.9,249.0,25.7,27.0
2024-11-23 09:00:00,9.3,8.1,239.0,19.7,34.0
2024-11-23 10:00:00,8.3,7.3,241.0,18.9,37.0
2024-11-23 11:00:00,6.4,5.8,249.0,20.6,38.0
2024-11-23 12:00:00,9.8,8.7,253.0,24.0,31.0
2024-11-23 13:00:00,8.2,7.4,249.0,22.7,35.0
2024-11-23 14:00:00,8.6,7.7,241.0,20.7,41.0
2024-11-23 15:00:00,9.1,7.9,231.0,18.1,47.0
2024-11-23 16:00:00,7.1,6.2,217.0,13.9,53.0
2024-11-23 17:00:00,3.5,3.2,202.0,9.1,58.0
2024-11-23 18:00:00,2.5,2.4,192.0,6.2,62.0
2024-11-23 19:00:00,2.7,2.6,193.0,6.8,63.0
2024-11-23 20:00:00,2.8,2.7,201.0,9.4,61.0
2024-11-23 21:00:00,3.4,3.3,207.0,12.2,59.0
2024-11-23 22:00:00,4.2,4.1,209.0,14.9,56.0
2024-11-23 23:00:00,4.8,4.7,209.0,17.7,53.0
2024-11-24 00:00:00,6.9,6.7,209.0,20.5,50.0
2024-11-24 01:00:00,6.2,6.1,210.0,19.9,47.0
2024-11-24 02:00:00,5.6,5.5,210.0,18.9,44.0
2024-11-24 03:00:00,4.7,4.6,207.0,17.3,43.0
2024-11-24 04:00:00,3.8,3.8,197.0,14.3,46.0
2024-11-24 05:00:00,3.3,3.3,184.0,10.7,51.0
2024-11-24 06:00:00,3.0,2.9,174.0,8.0,55.0
2024-11-24 07:00:00,2.9,2.8,167.0,6.7,59.0
2024-11-24 08:00:00,2.9,2.9,162.0,6.4,62.0
2024-11-24 09:00:00,3.0,3.0,164.0,7.6,63.0
2024-11-24 10:00:00,3.2,3.2,179.0,11.9,59.0
2024-11-24 11:00:00,3.7,3.7,202.0,17.8,52.0
2024-11-24 12:00:00,3.6,3.5,216.0,19.5,52.0
2024-11-24 13:00:00,4.9,4.9,214.0,17.0,55.0
2024-11-24 14:00:00,5.0,5.0,204.0,13.5,59.0
2024-11-24 15:00:00,4.0,3.9,194.0,10.6,63.0
2024-11-24 16:00:00,3.4,3.3,186.0,8.6,67.0
2024-11-24 17:00:00,3.3,3.3,179.0,7.2,70.0
2024-11-24 18:00:00,3.2,3.2,179.0,7.3,71.0
2024-11-24 19:00:00,3.5,3.4,189.0,9.4,68.0
2024-11-24 20:00:00,4.1,4.1,205.0,13.0,64.0
2024-11-24 21:00:00,5.1,5.1,222.0,17.8,57.0
2024-11-24 22:00:00,6.4,6.3,244.0,24.6,48.0
2024-11-24 23:00:00,7.5,7.4,267.0,32.6,37.0
2024-11-25 00:00:00,12.5,12.1,278.0,25.7,47.0
2024-11-25 01:00:00,11.8,11.4,267.0,26.7,45.0
2024-11-25 02:00:00,11.5,11.2,244.0,27.9,42.0
2024-11-25 03:00:00,11.4,11.1,226.0,27.4,41.0
2024-11-25 04:00:00,10.7,10.5,220.0,23.8,43.0
2024-11-25 05:00:00,9.7,9.6,218.0,18.5,48.0
2024-11-25 06:00:00,9.0,8.9,216.0,14.4,51.0
2024-11-25 07:00:00,8.5,8.3,207.0,11.5,54.0
2024-11-25 08:00:00,8.2,8.1,197.0,9.8,56.0
2024-11-25 09:00:00,8.1,7.9,202.0,11.5,54.0
2024-11-25 10:00:00,8.4,8.3,237.0,20.4,43.0
2024-11-25 11:00:00,10.0,9.9,286.0,32.8,29.0
2024-11-25 12:00:00,8.1,8.0,317.0,32.4,29.0
2024-11-25 13:00:00,10.0,10.0,314.0,28.0,35.0
2024-11-25 14:00:00,9.5,9.5,293.0,21.9,42.0
2024-11-25 15:00:00,6.8,6.8,275.0,17.4,48.0
2024-11-25 16:00:00,6.4,6.3,263.0,15.2,51.0
2024-11-25 17:00:00,6.7,6.6,254.0,14.7,53.0
2024-11-25 18:00:00,7.1,7.0,259.0,17.1,51.0
2024-11-25 19:00:00,7.6,7.6,285.0,24.1,43.0
2024-11-25 20:00:00,8.4,8.4,325.0,34.0,32.0
2024-11-25 21:00:00,12.0,12.0,371.0,43.0,21.0
2024-11-25 22:00:00,22.6,22.6,431.0,50.3,13.0
2024-11-25 23:00:00,27.8,27.8,498.0,56.8,5.0
2024-11-26 00:00:00,29.7,29.6,540.0,61.9,0.0
2024-11-26 01:00:00,27.1,27.1,544.0,62.1,0.0
2024-11-26 02:00:00,24.1,24.0,523.0,62.3,0.0
2024-11-26 03:00:00,22.5,22.5,489.0,61.9,0.0
2024-11-26 04:00:00,23.0,22.9,439.0,60.8,0.0
2024-11-26 05:00:00,24.0,23.9,376.0,59.1,1.0
2024-11-26 06:00:00,23.7,23.6,319.0,56.7,2.0
2024-11-26 07:00:00,21.1,21.0,272.0,53.0,6.0
2024-11-26 08:00:00,17.9,17.7,232.0,48.6,10.0
2024-11-26 09:00:00,15.0,14.6,210.0,45.6,14.0
2024-11-26 10:00:00,13.6,12.8,214.0,45.2,15.0
2024-11-26 11:00:00,14.5,13.0,236.0,46.2,15.0
2024-11-26 12:00:00,19.1,17.8,259.0,51.2,10.0
2024-11-26 13:00:00,20.4,18.2,283.0,48.9,14.0
2024-11-26 14:00:00,18.0,15.7,309.0,45.4,20.0
2024-11-26 15:00:00,14.5,12.7,325.0,40.3,27.0
2024-11-26 16:00:00,11.7,10.9,326.0,31.7,36.0
2024-11-26 17:00:00,8.6,8.5,317.0,21.4,45.0
2024-11-26 18:00:00,5.7,5.7,305.0,14.5,52.0
2024-11-26 19:00:00,4.7,4.7,281.0,13.1,55.0
2024-11-26 20:00:00,4.0,4.0,254.0,15.0,56.0
2024-11-26 21:00:00,4.7,4.6,250.0,19.0,53.0
2024-11-26 22:00:00,5.2,5.2,296.0,25.8,45.0
2024-11-26 23:00:00,6.1,6.0,366.0,34.6,34.0
2024-11-27 00:00:00,12.4,12.3,409.0,36.7,33.0
2024-11-27 01:00:00,11.5,11.4,401.0,40.8,27.0
2024-11-27 02:00:00,11.5,11.4,366.0,46.3,20.0
2024-11-27 03:00:00,12.1,12.0,330.0,49.0,15.0
2024-11-27 04:00:00,12.5,12.5,297.0,46.4,15.0
2024-11-27 05:00:00,12.5,12.5,263.0,41.1,18.0
2024-11-27 06:00:00,12.3,12.2,239.0,36.4,21.0
2024-11-27 07:00:00,11.8,11.8,228.0,32.9,22.0
2024-11-27 08:00:00,11.4,11.4,228.0,29.9,23.0
2024-11-27 09:00:00,11.3,11.3,239.0,29.3,22.0
2024-11-27 10:00:00,11.5,11.5,271.0,33.5,16.0
2024-11-27 11:00:00,12.8,12.8,315.0,40.0,8.0
2024-11-27 12:00:00,12.3,12.1,346.0,41.5,3.0
2024-11-27 13:00:00,13.2,13.1,354.0,36.9,10.0
2024-11-27 14:00:00,13.0,12.9,349.0,30.5,19.0
2024-11-27 15:00:00,10.4,10.1,334.0,25.0,28.0
2024-11-27 16:00:00,7.5,7.2,302.0,20.3,37.0
2024-11-27 17:00:00,6.2,6.0,260.0,16.5,45.0
2024-11-27 18:00:00,6.0,5.8,237.0,16.2,48.0
2024-11-27 19:00:00,6.2,6.0,244.0,21.5,43.0
2024-11-27 20:00:00,6.6,6.4,268.0,30.4,32.0
2024-11-27 21:00:00,9.1,8.8,302.0,38.7,22.0
2024-11-27 22:00:00,14.5,14.1,350.0,45.8,14.0
2024-11-27 23:00:00,17.3,17.0,406.0,52.5,6.0
2024-11-28 00:00:00,25.5,24.9,448.0,57.5,0.0
2024-11-28 01:00:00,27.8,27.2,463.0,57.5,0.0
2024-11-28 02:00:00,25.7,25.2,464.0,57.5,0.0
2024-11-28 03:00:00,23.2,22.7,463.0,57.3,0.0
2024-11-28 04:00:00,22.2,21.6,462.0,56.8,0.0
2024-11-28 05:00:00,23.5,22.8,460.0,56.1,0.0
2024-11-28 06:00:00,27.0,26.1,460.0,56.0,0.0
2024-11-28 07:00:00,26.8,25.9,469.0,56.9,0.0
2024-11-28 08:00:00,23.7,23.0,481.0,58.3,0.0
2024-11-28 09:00:00,20.6,19.8,482.0,59.2,0.0
2024-11-28 10:00:00,18.0,17.2,463.0,60.0,1.0
2024-11-28 11:00:00,16.1,15.1,432.0,60.4,4.0
2024-11-28 12:00:00,19.4,18.5,402.0,63.1,1.0
2024-11-28 13:00:00,15.8,14.8,377.0,57.9,9.0
2024-11-28 14:00:00,12.7,11.6,352.0,50.6,20.0
2024-11-28 15:00:00,10.4,9.3,329.0,44.9,29.0
2024-11-28 16:00:00,10.0,8.8,300.0,42.3,34.0
2024-11-28 17:00:00,11.7,10.4,273.0,41.3,38.0
2024-11-28 18:00:00,11.1,10.3,272.0,40.9,38.0
2024-11-28 19:00:00,7.3,7.2,329.0,41.5,33.0
2024-11-28 20:00:00,5.3,5.3,413.0,42.7,25.0
2024-11-28 21:00:00,4.3,4.2,452.0,42.0,21.0
2024-11-28 22:00:00,3.6,3.4,402.0,37.6,24.0
2024-11-28 23:00:00,3.3,3.2,309.0,31.2,31.0
2024-11-29 00:00:00,4.9,4.7,235.0,25.7,36.0
2024-11-29 01:00:00,4.0,4.0,208.0,23.2,38.0
2024-11-29 02:00:00,3.3,3.3,202.0,19.6,41.0
2024-11-29 03:00:00,2.6,2.5,198.0,16.3,45.0
2024-11-29 04:00:00,2.2,2.2,190.0,13.5,50.0
2024-11-29 05:00:00,2.2,2.2,186.0,11.0,56.0
2024-11-29 06:00:00,2.5,2.4,184.0,9.7,59.0
2024-11-29 07:00:00,3.0,3.0,185.0,9.6,58.0
2024-11-29 08:00:00,3.6,3.6,189.0,10.7,53.0
2024-11-29 09:00:00,4.2,4.2,201.0,14.2,47.0
2024-11-29 10:00:00,5.0,5.0,230.0,23.1,36.0
2024-11-29 11:00:00,6.6,6.5,266.0,34.4,22.0
2024-11-29 12:00:00,6.5,6.3,292.0,43.0,10.0
2024-11-29 13:00:00,9.0,8.8,299.0,37.2,17.0
2024-11-29 14:00:00,8.1,7.9,296.0,29.1,28.0
2024-11-29 15:00:00,6.5,6.4,283.0,22.1,38.0
2024-11-29 16:00:00,5.5,5.4,253.0,17.2,47.0
2024-11-29 17:00:00,4.5,4.4,215.0,13.4,56.0
2024-11-29 18:00:00,4.0,4.0,192.0,11.8,61.0
2024-11-29 19:00:00,4.2,4.1,201.0,13.3,59.0
2024-11-29 20:00:00,4.9,4.9,225.0,16.9,52.0
2024-11-29 21:00:00,6.6,6.5,245.0,21.2,45.0
2024-11-29 22:00:00,9.3,9.2,253.0,26.7,38.0
2024-11-29 23:00:00,9.1,9.0,256.0,32.9,31.0
2024-11-30 00:00:00,12.6,12.3,256.0,31.7,33.0
2024-11-30 01:00:00,8.9,8.8,250.0,27.2,38.0
2024-11-30 02:00:00,5.7,5.6,241.0,21.0,45.0
2024-11-30 03:00:00,4.4,4.3,233.0,16.3,49.0
2024-11-30 04:00:00,4.1,4.1,228.0,14.8,48.0
2024-11-30 05:00:00,4.0,4.0,224.0,14.9,45.0
2024-11-30 06:00:00,3.8,3.8,220.0,15.0,43.0
2024-11-30 07:00:00,3.4,3.4,211.0,13.8,44.0
2024-11-30 08:00:00,3.3,3.3,202.0,12.6,46.0
2024-11-30 09:00:00,3.5,3.5,200.0,13.7,46.0
2024-11-30 10:00:00,4.1,4.1,214.0,20.2,39.0
2024-11-30 11:00:00,5.5,5.4,235.0,29.1,30.0
2024-11-30 12:00:00,4.0,4.0,249.0,28.8,31.0
2024-11-30 13:00:00,5.8,5.8,248.0,24.6,36.0
2024-11-30 14:00:00,5.5,5.5,239.0,18.7,44.0
2024-11-30 15:00:00,5.3,5.3,230.0,14.0,50.0
2024-11-30 16:00:00,5.3,5.3,223.0,11.6,54.0
2024-11-30 17:00:00,5.2,5.2,215.0,10.4,57.0
2024-11-30 18:00:00,5.0,5.0,211.0,10.3,59.0
2024-11-30 19:00:00,4.7,4.6,211.0,11.2,59.0
2024-11-30 20:00:00,4.6,4.5,214.0,13.3,58.0
2024-11-30 21:00:00,5.5,5.5,221.0,16.6,54.0
2024-11-30 22:00:00,7.4,7.4,235.0,22.4,47.0
2024-11-30 23:00:00,8.2,8.2,252.0,29.5,38.0
2024-12-01 00:00:00,11.4,11.3,262.0,28.3,38.0
2024-12-01 01:00:00,12.0,12.0,257.0,28.7,37.0
2024-12-01 02:00:00,12.8,12.8,245.0,29.1,35.0
2024-12-01 03:00:00,13.9,13.8,233.0,28.5,35.0
2024-12-01 04:00:00,14.9,14.8,223.0,25.7,37.0
2024-12-01 05:00:00,15.6,15.5,214.0,21.9,41.0
2024-12-01 06:00:00,15.9,15.8,207.0,19.1,44.0
2024-12-01 07:00:00,15.8,15.7,200.0,17.6,45.0
2024-12-01 08:00:00,15.3,15.2,196.0,17.0,46.0
2024-12-01 09:00:00,14.4,14.4,199.0,18.7,44.0
2024-12-01 10:00:00,13.6,13.6,219.0,25.0,38.0
2024-12-01 11:00:00,13.5,13.4,248.0,33.5,29.0
2024-12-01 12:00:00,10.1,10.1,265.0,32.9,31.0
2024-12-01 13:00:00,10.7,10.7,262.0,29.8,34.0
2024-12-01 14:00:00,10.0,9.9,248.0,25.4,39.0
2024-12-01 15:00:00,8.5,8.5,233.0,21.1,45.0
2024-12-01 16:00:00,7.5,7.4,217.0,16.5,53.0
2024-12-01 17:00:00,6.5,6.5,200.0,12.0,62.0
2024-12-01 18:00:00,5.4,5.3,192.0,9.9,67.0
2024-12-01 19:00:00,5.0,5.0,198.0,11.0,67.0
2024-12-01 20:00:00,5.2,5.2,213.0,14.5,64.0
2024-12-01 21:00:00,6.6,6.6,231.0,20.6,58.0
2024-12-01 22:00:00,9.4,9.3,253.0,31.5,46.0
2024-12-01 23:00:00,11.4,11.4,278.0,45.0,30.0
2024-12-02 00:00:00,15.3,15.3,298.0,59.0,14.0
2024-12-02 01:00:00,15.3,15.2,309.0,58.8,14.0
2024-12-02 02:00:00,15.2,15.1,313.0,58.3,14.0
2024-12-02 03:00:00,15.3,15.3,314.0,56.0,15.0
2024-12-02 04:00:00,15.3,15.2,310.0,50.7,19.0
2024-12-02 05:00:00,14.9,14.9,302.0,43.7,24.0
2024-12-02 06:00:00,14.4,14.4,291.0,37.5,28.0
2024-12-02 07:00:00,13.6,13.6,269.0,32.1,32.0
2024-12-02 08:00:00,12.6,12.6,244.0,27.6,35.0
2024-12-02 09:00:00,11.6,11.6,236.0,26.0,36.0
2024-12-02 10:00:00,10.9,10.9,266.0,30.6,30.0
2024-12-02 11:00:00,11.2,11.2,314.0,38.3,22.0
2024-12-02 12:00:00,10.0,10.0,342.0,40.5,20.0
2024-12-02 13:00:00,12.2,12.1,332.0,34.0,26.0
2024-12-02 14:00:00,11.0,10.9,304.0,25.0,35.0
2024-12-02 15:00:00,9.7,9.6,275.0,18.0,43.0
2024-12-02 16:00:00,8.8,8.8,246.0,14.1,48.0
2024-12-02 17:00:00,7.8,7.7,217.0,12.2,52.0
2024-12-02 18:00:00,6.9,6.9,209.0,12.9,53.0
2024-12-02 19:00:00,6.1,6.1,238.0,16.9,50.0
2024-12-02 20:00:00,5.4,5.3,288.0,23.6,43.0
2024-12-02 21:00:00,8.5,8.4,329.0,31.7,35.0
2024-12-02 22:00:00,16.1,16.1,352.0,42.6,24.0
2024-12-02 23:00:00,16.8,16.8,366.0,55.1,11.0
2024-12-03 00:00:00,15.6,15.5,368.0,60.0,7.0
2024-12-03 01:00:00,15.0,14.9,350.0,58.2,8.0
2024-12-03 02:00:00,14.7,14.6,320.0,55.5,11.0
2024-12-03 03:00:00,14.6,14.5,295.0,51.3,14.0
2024-12-03 04:00:00,14.2,14.2,282.0,44.5,20.0
2024-12-03 05:00:00,13.3,13.3,273.0,36.3,27.0
2024-12-03 06:00:00,11.9,11.8,265.0,29.5,33.0
2024-12-03 07:00:00,10.2,10.2,253.0,24.3,38.0
2024-12-03 08:00:00,8.7,8.7,241.0,20.6,41.0
2024-12-03 09:00:00,7.6,7.6,240.0,20.5,41.0
2024-12-03 10:00:00,7.0,7.0,261.0,27.8,33.0
2024-12-03 11:00:00,7.7,7.6,292.0,38.7,21.0
2024-12-03 12:00:00,11.8,11.8,307.0,51.9,7.0
2024-12-03 13:00:00,13.7,13.6,290.0,44.0,16.0
2024-12-03 14:00:00,11.6,11.5,257.0,33.0,28.0
2024-12-03 15:00:00,8.7,8.6,228.0,23.7,39.0
2024-12-03 16:00:00,5.6,5.5,205.0,17.4,48.0
2024-12-03 17:00:00,4.0,4.0,186.0,12.7,57.0
2024-12-03 18:00:00,3.3,3.3,180.0,10.6,62.0
2024-12-03 19:00:00,3.1,3.1,197.0,11.8,62.0
2024-12-03 20:00:00,2.9,2.9,227.0,15.5,59.0
2024-12-03 21:00:00,3.9,3.9,257.0,20.1,55.0
2024-12-03 22:00:00,6.0,5.9,287.0,26.3,49.0
2024-12-03 23:00:00,6.6,6.5,317.0,33.5,41.0
2024-12-04 00:00:00,14.7,14.5,328.0,45.2,27.0
2024-12-04 01:00:00,12.5,12.4,303.0,40.5,34.0
2024-12-04 02:00:00,10.2,10.1,259.0,33.9,44.0
2024-12-04 03:00:00,9.1,9.0,229.0,28.7,51.0
2024-12-04 04:00:00,8.6,8.5,228.0,26.0,54.0
2024-12-04 05:00:00,8.5,8.3,241.0,24.7,54.0
2024-12-04 06:00:00,8.6,8.4,252.0,24.5,52.0
2024-12-04 07:00:00,8.8,8.6,253.0,25.0,49.0
2024-12-04 08:00:00,9.0,8.8,252.0,26.6,45.0
2024-12-04 09:00:00,9.5,9.2,264.0,30.9,38.0
2024-12-04 10:00:00,10.3,10.1,304.0,41.2,26.0
2024-12-04 11:00:00,12.5,12.2,357.0,54.2,12.0
2024-12-04 12:00:00,21.0,20.3,386.0,64.4,2.0
2024-12-04 13:00:00,25.3,24.7,372.0,55.9,11.0
2024-12-04 14:00:00,20.7,20.1,334.0,44.2,23.0
2024-12-04 15:00:00,15.1,14.7,299.0,35.0,32.0
2024-12-04 16:00:00,12.1,11.8,274.0,31.0,36.0
2024-12-04 17:00:00,10.1,10.0,253.0,29.5,37.0
2024-12-04 18:00:00,9.2,9.2,238.0,28.9,38.0
2024-12-04 19:00:00,8.4,8.4,235.0,29.1,38.0
2024-12-04 20:00:00,7.9,7.8,240.0,30.1,38.0
2024-12-04 21:00:00,8.2,8.2,241.0,30.5,38.0
2024-12-04 22:00:00,8.3,8.2,235.0,29.8,40.0
2024-12-04 23:00:00,7.9,7.8,226.0,28.5,44.0
2024-12-05 00:00:00,10.3,10.1,217.0,26.3,47.0
2024-12-05 01:00:00,10.2,10.1,207.0,24.7,49.0
2024-12-05 02:00:00,9.6,9.5,196.0,22.4,52.0
2024-12-05 03:00:00,9.7,9.6,189.0,20.0,55.0
2024-12-05 04:00:00,10.3,10.2,187.0,17.5,57.0
2024-12-05 05:00:00,11.0,10.9,188.0,14.9,60.0
2024-12-05 06:00:00,11.4,11.2,190.0,13.1,61.0
2024-12-05 07:00:00,11.3,11.1,191.0,12.2,62.0
2024-12-05 08:00:00,11.1,11.0,192.0,12.2,63.0
2024-12-05 09:00:00,10.9,10.7,197.0,13.9,61.0
2024-12-05 10:00:00,10.7,10.6,208.0,19.3,55.0
2024-12-05 11:00:00,11.0,10.9,223.0,26.5,48.0
2024-12-05 12:00:00,10.6,10.4,233.0,38.8,33.0
2024-12-05 13:00:00,11.4,11.3,236.0,34.0,37.0
2024-12-05 14:00:00,11.6,11.5,234.0,27.2,43.0
2024-12-05 15:00:00,10.6,10.5,229.0,20.8,49.0
2024-12-05 16:00:00,4.8,4.7,219.0,15.0,54.0
2024-12-05 17:00:00,2.7,2.6,205.0,9.6,60.0
2024-12-05 18:00:00,2.2,2.2,199.0,6.8,62.0
2024-12-05 19:00:00,2.4,2.4,207.0,8.3,60.0
2024-12-05 20:00:00,2.5,2.5,222.0,12.3,55.0
2024-12-05 21:00:00,3.2,3.2,230.0,15.5,51.0
2024-12-05 22:00:00,3.6,3.6,225.0,16.7,50.0
2024-12-05 23:00:00,3.2,3.2,213.0,17.0,51.0
2024-12-06 00:00:00,4.9,4.8,205.0,16.1,53.0
2024-12-06 01:00:00,3.5,3.4,207.0,15.8,53.0
2024-12-06 02:00:00,3.1,3.0,212.0,15.2,53.0
2024-12-06 03:00:00,2.8,2.7,213.0,14.2,54.0
2024-12-06 04:00:00,2.5,2.4,205.0,12.2,57.0
2024-12-06 05:00:00,2.0,1.9,194.0,9.6,60.0
2024-12-06 06:00:00,1.6,1.6,184.0,7.7,63.0
2024-12-06 07:00:00,1.4,1.4,178.0,6.7,65.0
2024-12-06 08:00:00,1.3,1.3,174.0,6.2,66.0
2024-12-06 09:00:00,1.4,1.3,174.0,6.9,67.0
2024-12-06 10:00:00,1.5,1.4,181.0,9.7,66.0
2024-12-06 11:00:00,1.9,1.9,193.0,13.7,65.0
2024-12-06 12:00:00,1.9,1.9,199.0,17.9,62.0
2024-12-06 13:00:00,2.7,2.6,196.0,15.2,65.0
2024-12-06 14:00:00,2.3,2.1,188.0,11.5,70.0
2024-12-06 15:00:00,2.5,2.2,181.0,8.6,73.0
2024-12-06 16:00:00,2.8,2.4,176.0,7.1,75.0
2024-12-06 17:00:00,3.0,2.5,171.0,6.4,75.0
2024-12-06 18:00:00,3.2,2.7,172.0,6.7,75.0
2024-12-06 19:00:00,3.5,2.9,179.0,8.0,74.0
2024-12-06 20:00:00,3.6,3.0,192.0,10.2,71.0
2024-12-06 21:00:00,4.2,3.6,208.0,13.7,67.0
2024-12-06 22:00:00,5.3,4.8,231.0,19.0,61.0
2024-12-06 23:00:00,5.9,5.5,257.0,25.5,53.0
2024-12-07 00:00:00,12.1,10.8,278.0,46.3,31.0
2024-12-07 01:00:00,13.6,12.2,291.0,50.8,26.0
2024-12-07 02:00:00,14.9,13.4,298.0,56.4,18.0
2024-12-07 03:00:00,15.3,13.6,294.0,56.6,17.0
2024-12-07 04:00:00,13.7,12.1,271.0,46.2,26.0
2024-12-07 05:00:00,11.2,9.8,238.0,30.4,42.0
2024-12-07 06:00:00,9.0,7.8,212.0,18.4,53.0
2024-12-07 07:00:00,7.6,6.5,199.0,13.6,58.0
2024-12-07 08:00:00,6.9,6.0,193.0,12.7,59.0
2024-12-07 09:00:00,6.7,5.8,196.0,14.3,57.0
2024-12-07 10:00:00,6.9,6.0,213.0,20.2,50.0
2024-12-07 11:00:00,7.9,7.0,239.0,28.7,41.0
2024-12-07 12:00:00,9.4,8.7,258.0,38.0,29.0
2024-12-07 13:00:00,10.3,9.6,266.0,33.1,35.0
2024-12-07 14:00:00,11.1,10.4,267.0,26.4,43.0
2024-12-07 15:00:00,9.1,8.6,264.0,20.7,50.0
2024-12-07 16:00:00,7.7,7.3,253.0,16.5,54.0
2024-12-07 17:00:00,6.7,6.5,237.0,13.5,57.0
2024-12-07 18:00:00,6.3,6.2,230.0,13.3,57.0
2024-12-07 19:00:00,5.8,5.8,241.0,17.2,52.0
2024-12-07 20:00:00,6.5,6.5,260.0,24.1,43.0
2024-12-07 21:00:00,8.8,8.8,279.0,31.9,34.0
2024-12-07 22:00:00,13.5,13.4,295.0,41.7,23.0
2024-12-07 23:00:00,15.7,15.5,309.0,52.5,10.0
2024-12-08 00:00:00,31.9,31.4,316.0,61.5,1.0
2024-12-08 01:00:00,31.1,30.6,313.0,60.2,1.0
2024-12-08 02:00:00,29.0,28.6,303.0,58.1,2.0
2024-12-08 03:00:00,26.6,26.2,289.0,53.7,5.0
2024-12-08 04:00:00,24.8,24.5,272.0,45.1,14.0
2024-12-08 05:00:00,22.6,22.3,252.0,34.3,26.0
2024-12-08 06:00:00,19.0,18.8,233.0,25.7,36.0
2024-12-08 07:00:00,15.1,14.9,215.0,20.7,43.0
2024-12-08 08:00:00,11.7,11.6,199.0,17.8,48.0
2024-12-08 09:00:00,9.1,9.1,193.0,17.5,50.0
2024-12-08 10:00:00,7.4,7.4,202.0,21.5,47.0
2024-12-08 11:00:00,6.9,6.9,220.0,28.0,40.0
2024-12-08 12:00:00,10.1,10.0,238.0,34.1,32.0
2024-12-08 13:00:00,11.4,11.4,256.0,32.9,33.0
2024-12-08 14:00:00,11.5,11.5,275.0,31.1,34.0
2024-12-08 15:00:00,12.0,12.0,282.0,29.2,36.0
2024-12-08 16:00:00,10.4,10.4,267.0,26.7,39.0
2024-12-08 17:00:00,8.8,8.8,241.0,24.1,43.0
2024-12-08 18:00:00,7.3,7.2,226.0,22.9,45.0
2024-12-08 19:00:00,6.7,6.6,231.0,23.5,44.0
2024-12-08 20:00:00,7.2,7.0,248.0,25.5,42.0
2024-12-08 21:00:00,8.2,8.0,266.0,29.2,37.0
2024-12-08 22:00:00,10.1,9.8,283.0,35.9,29.0
2024-12-08 23:00:00,11.6,11.4,302.0,44.2,20.0
2024-12-09 00:00:00,11.4,11.3,326.0,55.9,6.0
2024-12-09 01:00:00,11.4,11.4,360.0,56.1,5.0
2024-12-09 02:00:00,11.8,11.7,399.0,56.5,4.0
2024-12-09 03:00:00,12.9,12.8,436.0,56.5,3.0
2024-12-09 04:00:00,15.4,15.3,470.0,56.2,2.0
2024-12-09 05:00:00,20.2,20.0,502.0,55.6,1.0
2024-12-09 06:00:00,25.3,25.1,531.0,54.7,0.0
2024-12-09 07:00:00,29.6,29.4,553.0,53.2,0.0
2024-12-09 08:00:00,31.9,31.7,573.0,51.5,0.0
2024-12-09 09:00:00,33.1,32.7,602.0,50.5,0.0
2024-12-09 10:00:00,33.1,32.8,662.0,50.8,0.0
2024-12-09 11:00:00,33.2,32.9,731.0,51.8,0.0
2024-12-09 12:00:00,42.5,42.1,756.0,46.7,0.0
2024-12-09 13:00:00,43.7,43.3,703.0,46.9,3.0
2024-12-09 14:00:00,35.6,35.2,605.0,47.2,6.0
2024-12-09 15:00:00,30.3,29.3,510.0,47.2,9.0
2024-12-09 16:00:00,24.3,21.7,424.0,46.2,11.0
2024-12-09 17:00:00,22.5,19.2,341.0,44.8,12.0
2024-12-09 18:00:00,21.2,18.1,285.0,44.9,12.0
2024-12-09 19:00:00,20.1,17.2,270.0,47.6,12.0
2024-12-09 20:00:00,19.1,16.5,282.0,51.7,11.0
2024-12-09 21:00:00,18.9,16.6,307.0,55.4,10.0
2024-12-09 22:00:00,19.4,17.9,341.0,58.5,7.0
2024-12-09 23:00:00,18.6,17.8,388.0,61.3,4.0
2024-12-10 00:00:00,30.5,28.4,439.0,58.4,0.0
2024-12-10 01:00:00,34.3,32.6,489.0,56.7,0.0
2024-12-10 02:00:00,37.5,35.9,543.0,54.3,0.0
2024-12-10 03:00:00,39.1,38.1,616.0,52.2,0.0
2024-12-10 04:00:00,37.6,36.7,732.0,50.6,0.0
2024-12-10 05:00:00,37.3,36.4,866.0,49.3,0.0
2024-12-10 06:00:00,37.6,36.8,956.0,48.1,0.0
2024-12-10 07:00:00,37.6,36.8,982.0,47.0,0.0
2024-12-10 08:00:00,36.8,35.9,964.0,46.2,0.0
2024-12-10 09:00:00,33.8,32.9,899.0,45.6,0.0
2024-12-10 10:00:00,28.2,27.4,752.0,45.6,0.0
2024-12-10 11:00:00,25.4,24.6,559.0,46.0,0.0
2024-12-10 12:00:00,16.5,15.9,421.0,47.8,0.0
2024-12-10 13:00:00,16.2,15.9,399.0,46.5,2.0
2024-12-10 14:00:00,15.0,14.7,433.0,44.6,4.0
2024-12-10 15:00:00,13.0,12.7,447.0,42.1,8.0
2024-12-10 16:00:00,11.8,11.2,403.0,38.2,14.0
2024-12-10 17:00:00,11.1,10.1,339.0,33.9,20.0
2024-12-10 18:00:00,11.4,9.9,298.0,31.7,24.0
2024-12-10 19:00:00,12.1,10.4,305.0,33.2,24.0
2024-12-10 20:00:00,13.8,11.9,334.0,36.9,21.0
2024-12-10 21:00:00,15.3,13.1,352.0,41.2,18.0
2024-12-10 22:00:00,16.6,14.2,343.0,46.5,15.0
2024-12-10 23:00:00,17.3,14.8,321.0,52.2,11.0
2024-12-11 00:00:00,13.5,11.8,299.0,50.0,13.0
2024-12-11 01:00:00,13.8,11.8,278.0,48.9,16.0
2024-12-11 02:00:00,11.8,10.1,256.0,47.1,19.0
2024-12-11 03:00:00,10.1,8.7,236.0,44.7,23.0
2024-12-11 04:00:00,9.3,8.1,221.0,41.2,26.0
2024-12-11 05:00:00,10.0,9.1,209.0,37.0,28.0
2024-12-11 06:00:00,10.0,9.1,196.0,33.0,32.0
2024-12-11 07:00:00,8.4,7.9,179.0,28.7,38.0
2024-12-11 08:00:00,6.3,6.2,161.0,24.5,45.0
2024-12-11 09:00:00,7.8,7.6,151.0,22.6,50.0
2024-12-11 10:00:00,9.1,8.8,156.0,24.8,53.0
2024-12-11 11:00:00,8.6,8.2,169.0,29.3,54.0
2024-12-11 12:00:00,8.9,8.2,179.0,34.9,54.0
2024-12-11 13:00:00,9.5,8.4,181.0,34.5,53.0
2024-12-11 14:00:00,9.7,8.3,179.0,33.7,52.0
2024-12-11 15:00:00,9.7,8.3,175.0,32.0,52.0
2024-12-11 16:00:00,8.9,7.6,165.0,28.5,56.0
2024-12-11 17:00:00,6.5,5.7,153.0,24.0,61.0
2024-12-11 18:00:00,4.6,4.2,145.0,20.6,65.0
2024-12-11 19:00:00,4.3,4.0,143.0,19.0,68.0
2024-12-11 20:00:00,3.4,3.3,147.0,18.5,69.0
2024-12-11 21:00:00,3.2,3.1,161.0,19.4,67.0
2024-12-11 22:00:00,3.5,3.5,196.0,23.1,60.0
2024-12-11 23:00:00,3.7,3.7,242.0,28.2,49.0
2024-12-12 00:00:00,5.0,5.0,273.0,37.6,34.0
2024-12-12 01:00:00,2.5,2.5,277.0,33.1,33.0
2024-12-12 02:00:00,2.1,2.1,267.0,26.7,32.0
2024-12-12 03:00:00,2.0,2.0,255.0,20.8,33.0
2024-12-12 04:00:00,1.9,1.9,246.0,15.9,39.0
2024-12-12 05:00:00,2.0,2.0,236.0,11.5,48.0
2024-12-12 06:00:00,1.8,1.8,226.0,8.6,55.0
2024-12-12 07:00:00,1.7,1.7,216.0,7.4,58.0
2024-12-12 08:00:00,1.9,1.9,206.0,7.6,58.0
2024-12-12 09:00:00,2.6,2.6,202.0,9.4,56.0
2024-12-12 10:00:00,3.5,3.5,210.0,14.5,50.0
2024-12-12 11:00:00,4.6,4.6,224.0,21.1,42.0
2024-12-12 12:00:00,2.3,2.2,232.0,22.5,42.0
2024-12-12 13:00:00,3.0,2.9,228.0,19.0,48.0
2024-12-12 14:00:00,3.1,3.0,218.0,14.3,56.0
2024-12-12 15:00:00,1.9,1.8,208.0,10.5,63.0
2024-12-12 16:00:00,1.7,1.6,198.0,8.6,69.0
2024-12-12 17:00:00,1.6,1.6,189.0,7.7,75.0
2024-12-12 18:00:00,1.7,1.7,184.0,7.8,78.0
2024-12-12 19:00:00,1.8,1.8,188.0,9.3,77.0
2024-12-12 20:00:00,2.0,2.0,197.0,11.8,73.0
2024-12-12 21:00:00,2.6,2.6,207.0,14.5,68.0
2024-12-12 22:00:00,3.5,3.5,219.0,17.3,64.0
2024-12-12 23:00:00,3.7,3.7,232.0,20.4,59.0
2024-12-13 00:00:00,8.4,8.3,242.0,21.0,58.0
2024-12-13 01:00:00,8.9,8.8,246.0,23.1,54.0
2024-12-13 02:00:00,9.4,9.3,247.0,26.0,49.0
2024-12-13 03:00:00,10.2,10.1,246.0,27.7,45.0
2024-12-13 04:00:00,10.8,10.7,245.0,27.1,44.0
2024-12-13 05:00:00,11.1,11.0,242.0,25.2,44.0
2024-12-13 06:00:00,11.1,11.1,239.0,23.4,44.0
2024-12-13 07:00:00,10.6,10.5,234.0,21.3,45.0
2024-12-13 08:00:00,10.0,9.9,229.0,19.2,47.0
2024-12-13 09:00:00,9.4,9.4,231.0,19.2,47.0
2024-12-13 10:00:00,9.0,8.9,248.0,24.0,42.0
2024-12-13 11:00:00,9.1,9.0,273.0,30.9,36.0
2024-12-13 12:00:00,5.8,5.8,284.0,38.7,26.0
2024-12-13 13:00:00,6.0,5.9,270.0,31.3,34.0
2024-12-13 14:00:00,4.4,4.2,243.0,21.0,46.0
2024-12-13 15:00:00,3.5,3.4,221.0,13.1,55.0
2024-12-13 16:00:00,2.9,2.8,210.0,9.6,59.0
2024-12-13 17:00:00,2.7,2.7,205.0,8.5,60.0
2024-12-13 18:00:00,2.8,2.8,208.0,9.1,60.0
2024-12-13 19:00:00,3.0,3.0,214.0,10.4,60.0
2024-12-13 20:00:00,3.4,3.4,227.0,13.3,57.0
2024-12-13 21:00:00,4.6,4.6,268.0,20.1,51.0
2024-12-13 22:00:00,9.5,9.5,367.0,34.5,36.0
2024-12-13 23:00:00,13.5,13.3,493.0,52.6,16.0
2024-12-14 00:00:00,18.9,18.7,571.0,65.6,2.0
2024-12-14 01:00:00,18.8,18.7,560.0,65.9,2.0
2024-12-14 02:00:00,17.6,17.5,501.0,66.0,3.0
2024-12-14 03:00:00,16.6,16.5,444.0,63.7,6.0
2024-12-14 04:00:00,15.5,15.5,405.0,57.1,13.0
2024-12-14 05:00:00,14.5,14.4,368.0,48.1,21.0
2024-12-14 06:00:00,13.6,13.5,340.0,40.6,28.0
2024-12-14 07:00:00,12.9,12.8,322.0,35.1,33.0
2024-12-14 08:00:00,12.3,12.2,312.0,31.2,36.0
2024-12-14 09:00:00,11.9,11.9,314.0,31.4,35.0
2024-12-14 10:00:00,12.0,11.9,342.0,40.1,25.0
2024-12-14 11:00:00,13.2,13.1,381.0,53.0,12.0
2024-12-14 12:00:00,13.6,13.3,396.0,56.2,10.0
2024-12-14 13:00:00,16.1,16.0,361.0,47.6,21.0
2024-12-14 14:00:00,14.1,14.0,301.0,35.6,36.0
2024-12-14 15:00:00,11.1,11.0,254.0,26.3,48.0
2024-12-14 16:00:00,8.7,8.6,232.0,20.9,56.0
2024-12-14 17:00:00,8.0,7.9,223.0,18.2,61.0
2024-12-14 18:00:00,8.2,8.1,234.0,20.2,60.0
2024-12-14 19:00:00,8.6,8.5,260.0,30.1,49.0
2024-12-14 20:00:00,9.5,9.3,305.0,44.9,32.0
2024-12-14 21:00:00,15.7,15.5,396.0,57.1,18.0
2024-12-14 22:00:00,30.5,29.9,593.0,64.2,10.0
2024-12-14 23:00:00,38.3,37.6,834.0,68.7,4.0
2024-12-15 00:00:00,27.8,27.4,963.0,68.4,0.0
2024-12-15 01:00:00,28.4,28.1,877.0,68.1,0.0
2024-12-15 02:00:00,24.1,23.9,678.0,67.7,0.0
2024-12-15 03:00:00,21.4,21.1,513.0,67.4,0.0
2024-12-15 04:00:00,18.6,18.4,440.0,68.0,0.0
2024-12-15 05:00:00,16.0,15.8,401.0,68.7,0.0
2024-12-15 06:00:00,14.2,14.0,372.0,67.8,0.0
2024-12-15 07:00:00,13.0,12.6,347.0,63.1,4.0
2024-12-15 08:00:00,12.0,11.6,332.0,56.8,10.0
2024-12-15 09:00:00,11.3,10.9,326.0,53.0,13.0
2024-12-15 10:00:00,11.1,10.7,332.0,55.0,10.0
2024-12-15 11:00:00,11.9,11.5,346.0,59.5,4.0
2024-12-15 12:00:00,15.0,14.5,364.0,62.3,1.0
2024-12-15 13:00:00,17.2,16.5,390.0,57.9,6.0
2024-12-15 14:00:00,18.0,17.3,418.0,51.6,12.0
2024-12-15 15:00:00,15.7,14.8,427.0,46.1,18.0
2024-12-15 16:00:00,14.3,13.2,392.0,41.3,24.0
2024-12-15 17:00:00,13.9,12.4,337.0,37.2,29.0
2024-12-15 18:00:00,13.6,11.8,311.0,36.5,30.0
2024-12-15 19:00:00,13.5,11.6,336.0,41.9,25.0
2024-12-15 20:00:00,14.9,12.8,390.0,50.8,16.0
2024-12-15 21:00:00,17.3,15.5,453.0,58.0,8.0
2024-12-15 22:00:00,19.7,18.0,540.0,61.6,4.0
2024-12-15 23:00:00,21.5,19.7,635.0,63.5,2.0
2024-12-16 00:00:00,16.5,14.7,675.0,55.9,6.0
2024-12-16 01:00:00,18.1,16.4,615.0,56.8,6.0
2024-12-16 02:00:00,18.7,16.8,499.0,57.8,6.0
2024-12-16 03:00:00,18.0,15.8,397.0,57.3,7.0
2024-12-16 04:00:00,17.1,14.6,331.0,53.5,12.0
2024-12-16 05:00:00,16.2,13.6,279.0,48.1,19.0
2024-12-16 06:00:00,15.4,12.7,240.0,44.8,23.0
2024-12-16 07:00:00,15.8,13.0,213.0,45.1,22.0
2024-12-16 08:00:00,16.2,13.6,199.0,47.4,17.0
2024-12-16 09:00:00,16.1,13.5,206.0,50.6,13.0
2024-12-16 10:00:00,15.8,13.2,251.0,55.2,9.0
2024-12-16 11:00:00,16.0,13.4,316.0,60.6,6.0
2024-12-16 12:00:00,9.4,8.0,356.0,46.6,26.0
2024-12-16 13:00:00,11.1,10.0,348.0,49.1,24.0
2024-12-16 14:00:00,12.2,10.9,315.0,52.2,22.0
2024-12-16 15:00:00,12.9,11.2,283.0,52.4,23.0
2024-12-16 16:00:00,12.4,10.5,258.0,46.7,31.0
2024-12-16 17:00:00,11.5,9.5,233.0,38.1,41.0
2024-12-16 18:00:00,10.8,8.8,213.0,31.8,49.0
2024-12-16 19:00:00,10.7,8.6,199.0,29.3,52.0
2024-12-16 20:00:00,11.2,8.8,189.0,29.0,51.0
2024-12-16 21:00:00,12.5,9.7,192.0,32.1,47.0
2024-12-16 22:00:00,14.8,11.4,216.0,40.9,36.0
2024-12-16 23:00:00,17.2,13.6,251.0,52.9,22.0
2024-12-17 00:00:00,20.4,17.9,275.0,67.2,3.0
2024-12-17 01:00:00,16.8,15.0,276.0,65.6,5.0
2024-12-17 02:00:00,15.5,14.1,265.0,62.9,7.0
2024-12-17 03:00:00,14.4,13.5,250.0,57.0,13.0
2024-12-17 04:00:00,12.7,12.0,230.0,45.0,24.0
2024-12-17 05:00:00,8.0,7.5,205.0,29.9,38.0
2024-12-17 06:00:00,4.1,4.1,188.0,18.6,48.0
2024-12-17 07:00:00,4.1,4.1,182.0,13.7,51.0
2024-12-17 08:00:00,5.0,4.9,184.0,12.6,49.0
2024-12-17 09:00:00,6.1,6.0,192.0,14.2,45.0
2024-12-17 10:00:00,5.4,5.3,211.0,19.9,36.0
2024-12-17 11:00:00,7.0,6.9,237.0,28.3,24.0
2024-12-17 12:00:00,11.2,11.2,257.0,34.7,15.0
2024-12-17 13:00:00,15.1,15.0,268.0,33.6,15.0
2024-12-17 14:00:00,16.6,16.5,274.0,31.9,14.0
2024-12-17 15:00:00,15.8,15.7,275.0,29.5,17.0
2024-12-17 16:00:00,14.4,14.3,269.0,25.1,25.0
2024-12-17 17:00:00,11.2,11.1,258.0,19.9,36.0
2024-12-17 18:00:00,7.9,7.9,253.0,17.8,43.0
2024-12-17 19:00:00,7.2,7.1,258.0,20.9,43.0
2024-12-17 20:00:00,7.2,7.1,269.0,27.0,40.0
2024-12-17 21:00:00,7.9,7.8,279.0,33.6,35.0
2024-12-17 22:00:00,10.1,10.0,287.0,40.8,28.0
2024-12-17 23:00:00,11.4,11.4,294.0,48.5,19.0
2024-12-18 00:00:00,11.5,11.5,302.0,54.6,8.0
2024-12-18 01:00:00,9.8,9.8,312.0,53.7,8.0
2024-12-18 02:00:00,8.9,8.9,323.0,52.3,9.0
2024-12-18 03:00:00,9.2,9.2,326.0,50.8,9.0
2024-12-18 04:00:00,10.0,10.0,315.0,49.1,9.0
2024-12-18 05:00:00,10.6,10.6,296.0,47.2,9.0
2024-12-18 06:00:00,11.4,11.4,285.0,45.7,9.0
2024-12-18 07:00:00,12.9,12.8,274.0,44.7,9.0
2024-12-18 08:00:00,12.8,12.8,271.0,44.1,8.0
2024-12-18 09:00:00,11.6,11.5,313.0,44.1,7.0
2024-12-18 10:00:00,11.8,11.8,446.0,45.2,4.0
2024-12-18 11:00:00,15.9,15.8,623.0,46.9,1.0
2024-12-18 12:00:00,25.4,25.4,741.0,49.1,0.0
2024-12-18 13:00:00,41.2,40.9,754.0,49.2,3.0
2024-12-18 14:00:00,49.8,49.4,708.0,49.1,7.0
2024-12-18 15:00:00,23.2,23.2,634.0,47.9,12.0
2024-12-18 16:00:00,16.4,16.3,517.0,43.5,21.0
2024-12-18 17:00:00,13.9,13.8,372.0,38.0,32.0
2024-12-18 18:00:00,13.3,13.2,276.0,36.4,37.0
2024-12-18 19:00:00,13.3,13.1,273.0,42.5,30.0
2024-12-18 20:00:00,14.2,13.2,318.0,52.4,16.0
2024-12-18 21:00:00,17.2,15.4,353.0,59.7,5.0
2024-12-18 22:00:00,19.1,17.2,344.0,61.3,1.0
2024-12-18 23:00:00,20.7,18.5,325.0,60.2,0.0
2024-12-19 00:00:00,38.4,37.4,337.0,67.6,0.0
2024-12-19 01:00:00,38.1,37.4,426.0,68.5,0.0
2024-12-19 02:00:00,35.0,34.6,546.0,69.4,0.0
2024-12-19 03:00:00,31.4,31.2,607.0,67.4,0.0
2024-12-19 04:00:00,27.2,27.0,553.0,60.9,4.0
2024-12-19 05:00:00,21.8,21.8,439.0,51.5,10.0
2024-12-19 06:00:00,14.4,14.4,344.0,41.7,16.0
2024-12-19 07:00:00,6.1,6.1,294.0,30.5,23.0
2024-12-19 08:00:00,2.1,2.1,263.0,18.9,29.0
2024-12-19 09:00:00,1.3,1.3,248.0,12.5,32.0
2024-12-19 10:00:00,1.4,1.4,259.0,16.0,26.0
2024-12-19 11:00:00,2.2,2.1,286.0,24.6,17.0
2024-12-19 12:00:00,4.1,4.0,302.0,30.2,11.0
2024-12-19 13:00:00,5.0,5.0,292.0,25.4,22.0
2024-12-19 14:00:00,4.4,4.4,271.0,18.8,37.0
2024-12-19 15:00:00,3.4,3.4,253.0,13.7,49.0
2024-12-19 16:00:00,3.3,3.2,240.0,11.1,57.0
2024-12-19 17:00:00,3.2,3.2,230.0,9.9,63.0
2024-12-19 18:00:00,3.2,3.1,228.0,10.6,65.0
2024-12-19 19:00:00,3.2,3.1,238.0,12.7,64.0
2024-12-19 20:00:00,3.3,3.2,256.0,16.7,60.0
2024-12-19 21:00:00,4.8,4.7,276.0,23.8,52.0
2024-12-19 22:00:00,9.3,9.2,298.0,37.3,37.0
2024-12-19 23:00:00,11.7,11.6,321.0,54.0,18.0
2024-12-20 00:00:00,20.3,19.8,339.0,66.5,3.0
2024-12-20 01:00:00,20.1,19.8,349.0,67.3,2.0
2024-12-20 02:00:00,19.6,19.4,353.0,68.1,2.0
2024-12-20 03:00:00,19.0,18.7,348.0,66.2,3.0
2024-12-20 04:00:00,18.1,17.9,328.0,59.4,9.0
2024-12-20 05:00:00,16.4,16.2,298.0,49.9,16.0
2024-12-20 06:00:00,14.7,14.5,273.0,41.8,23.0
2024-12-20 07:00:00,13.5,13.4,254.0,35.7,28.0
2024-12-20 08:00:00,12.6,12.5,240.0,30.8,32.0
2024-12-20 09:00:00,12.1,12.0,238.0,29.4,32.0
2024-12-20 10:00:00,12.3,12.2,257.0,33.9,26.0
2024-12-20 11:00:00,13.2,13.1,288.0,41.9,17.0
2024-12-20 12:00:00,14.7,14.6,314.0,47.3,12.0
2024-12-20 13:00:00,15.7,15.5,330.0,47.0,14.0
2024-12-20 14:00:00,16.6,16.1,342.0,46.5,17.0
2024-12-20 15:00:00,16.5,14.9,345.0,45.4,20.0
2024-12-20 16:00:00,16.8,15.0,335.0,43.0,24.0
2024-12-20 17:00:00,16.4,14.6,317.0,40.1,28.0
2024-12-20 18:00:00,16.6,14.6,305.0,38.3,30.0
2024-12-20 19:00:00,16.2,14.1,305.0,38.6,29.0
2024-12-20 20:00:00,15.5,13.4,311.0,40.2,27.0
2024-12-20 21:00:00,15.0,13.0,317.0,41.8,25.0
2024-12-20 22:00:00,15.6,13.5,322.0,43.8,22.0
2024-12-20 23:00:00,14.8,12.8,327.0,45.8,20.0
2024-12-21 00:00:00,11.5,10.2,325.0,47.1,19.0
2024-12-21 01:00:00,10.1,9.0,312.0,46.9,19.0
2024-12-21 02:00:00,9.3,8.5,293.0,46.4,19.0
2024-12-21 03:00:00,8.8,8.1,276.0,44.3,21.0
2024-12-21 04:00:00,8.7,8.1,265.0,39.2,25.0
2024-12-21 05:00:00,8.3,7.7,258.0,32.6,31.0
2024-12-21 06:00:00,7.7,7.2,252.0,27.1,36.0
2024-12-21 07:00:00,7.3,6.9,248.0,23.6,39.0
2024-12-21 08:00:00,7.3,7.0,246.0,21.2,41.0
2024-12-21 09:00:00,7.7,7.3,246.0,20.3,41.0
2024-12-21 10:00:00,7.7,7.4,252.0,22.4,39.0
2024-12-21 11:00:00,7.0,6.8,261.0,26.0,35.0
2024-12-21 12:00:00,7.2,6.9,264.0,21.9,44.0
2024-12-21 13:00:00,6.6,6.3,255.0,18.3,50.0
2024-12-21 14:00:00,5.7,5.5,239.0,13.3,59.0
2024-12-21 15:00:00,4.6,4.5,224.0,9.4,66.0
2024-12-21 16:00:00,4.6,4.5,211.0,7.4,72.0
2024-12-21 17:00:00,3.9,3.8,198.0,6.5,76.0
2024-12-21 18:00:00,3.4,3.3,190.0,6.6,79.0
2024-12-21 19:00:00,3.0,2.9,191.0,8.2,79.0
2024-12-21 20:00:00,2.9,2.9,196.0,10.7,77.0
2024-12-21 21:00:00,3.1,3.1,202.0,13.2,75.0
2024-12-21 22:00:00,3.3,3.2,206.0,15.3,73.0
2024-12-21 23:00:00,3.4,3.4,211.0,17.3,72.0
2024-12-22 00:00:00,3.6,3.5,213.0,16.2,73.0
2024-12-22 01:00:00,3.3,3.3,212.0,16.4,72.0
2024-12-22 02:00:00,3.2,3.2,210.0,16.5,72.0
2024-12-22 03:00:00,3.0,3.0,207.0,15.9,72.0
2024-12-22 04:00:00,3.1,3.0,203.0,13.7,74.0
2024-12-22 05:00:00,3.1,3.1,198.0,10.8,77.0
2024-12-22 06:00:00,3.1,3.0,195.0,8.7,79.0
2024-12-22 07:00:00,3.1,3.0,193.0,7.7,79.0
2024-12-22 08:00:00,3.3,3.2,193.0,7.6,78.0
2024-12-22 09:00:00,3.6,3.4,200.0,8.8,76.0
2024-12-22 10:00:00,3.8,3.7,220.0,12.8,71.0
2024-12-22 11:00:00,4.1,4.0,247.0,18.1,64.0
2024-12-22 12:00:00,9.9,9.2,263.0,19.9,61.0
2024-12-22 13:00:00,10.5,9.6,257.0,17.1,64.0
2024-12-22 14:00:00,9.1,8.1,240.0,13.2,68.0
2024-12-22 15:00:00,7.7,6.8,226.0,10.2,71.0
2024-12-22 16:00:00,7.1,6.1,219.0,8.5,74.0
2024-12-22 17:00:00,6.5,5.6,214.0,7.7,76.0
2024-12-22 18:00:00,6.2,5.3,214.0,8.1,76.0
2024-12-22 19:00:00,6.0,5.2,214.0,9.2,75.0
2024-12-22 20:00:00,5.8,5.1,219.0,11.6,73.0
2024-12-22 21:00:00,6.3,5.5,244.0,17.1,67.0
2024-12-22 22:00:00,8.9,8.2,314.0,28.9,53.0
2024-12-22 23:00:00,10.8,10.0,405.0,43.8,36.0
2024-12-23 00:00:00,14.6,13.2,456.0,55.0,24.0
2024-12-23 01:00:00,14.1,12.5,430.0,53.5,25.0
2024-12-23 02:00:00,13.9,12.3,364.0,51.1,27.0
2024-12-23 03:00:00,14.5,12.8,309.0,47.8,29.0
2024-12-23 04:00:00,15.4,13.5,284.0,42.7,33.0
2024-12-23 05:00:00,15.8,13.9,269.0,36.6,38.0
2024-12-23 06:00:00,15.5,13.5,259.0,31.7,42.0
2024-12-23 07:00:00,15.1,13.0,248.0,27.6,45.0
2024-12-23 08:00:00,14.7,12.5,242.0,24.6,47.0
2024-12-23 09:00:00,14.8,12.5,248.0,25.8,45.0
2024-12-23 10:00:00,15.2,12.9,276.0,35.5,34.0
2024-12-23 11:00:00,16.1,13.7,317.0,49.4,19.0
2024-12-23 12:00:00,12.7,11.7,354.0,54.8,14.0
2024-12-23 13:00:00,18.2,17.3,384.0,49.9,22.0
2024-12-23 14:00:00,18.2,17.3,410.0,43.1,32.0
2024-12-23 15:00:00,16.8,15.8,419.0,37.5,42.0
2024-12-23 16:00:00,15.1,14.2,398.0,33.3,50.0
2024-12-23 17:00:00,14.2,13.5,359.0,30.4,57.0
2024-12-23 18:00:00,14.3,13.6,329.0,31.4,59.0
2024-12-23 19:00:00,15.5,15.0,299.0,38.8,53.0
2024-12-23 20:00:00,17.6,17.1,277.0,50.1,42.0
2024-12-23 21:00:00,19.7,19.2,311.0,61.0,31.0
2024-12-23 22:00:00,25.8,25.1,471.0,71.3,19.0
2024-12-23 23:00:00,29.3,28.6,686.0,81.3,8.0
2024-12-24 00:00:00,22.7,22.2,794.0,90.0,1.0
2024-12-24 01:00:00,22.1,21.6,691.0,87.2,2.0
2024-12-24 02:00:00,19.2,18.8,481.0,82.7,4.0
2024-12-24 03:00:00,15.9,15.5,313.0,74.9,10.0
2024-12-24 04:00:00,12.7,12.2,247.0,60.4,23.0
2024-12-24 05:00:00,10.2,9.5,223.0,42.5,39.0
2024-12-24 06:00:00,8.6,7.6,211.0,29.5,51.0
2024-12-24 07:00:00,8.4,7.1,202.0,25.0,54.0
2024-12-24 08:00:00,9.1,7.7,204.0,25.5,51.0
2024-12-24 09:00:00,10.0,8.5,216.0,28.4,47.0
2024-12-24 10:00:00,10.7,9.1,241.0,34.9,40.0
2024-12-24 11:00:00,11.1,9.6,276.0,43.9,30.0
2024-12-24 12:00:00,14.4,13.5,307.0,47.1,26.0
2024-12-24 13:00:00,17.5,16.6,330.0,44.5,29.0
2024-12-24 14:00:00,20.0,19.2,348.0,40.8,33.0
2024-12-24 15:00:00,20.3,19.4,360.0,37.1,38.0
2024-12-24 16:00:00,20.6,19.9,357.0,32.3,44.0
2024-12-24 17:00:00,22.2,21.6,347.0,27.5,51.0
2024-12-24 18:00:00,23.2,22.9,349.0,27.3,52.0
2024-12-24 19:00:00,24.0,23.9,374.0,35.6,43.0
2024-12-24 20:00:00,26.0,26.0,412.0,48.5,28.0
2024-12-24 21:00:00,31.8,31.7,446.0,58.7,16.0
2024-12-24 22:00:00,38.6,38.5,476.0,63.2,9.0
2024-12-24 23:00:00,40.9,40.7,504.0,65.0,3.0
2024-12-25 00:00:00,18.7,18.7,516.0,59.0,1.0
2024-12-25 01:00:00,18.2,18.2,503.0,59.0,1.0
2024-12-25 02:00:00,17.1,17.1,474.0,59.0,0.0
2024-12-25 03:00:00,17.0,17.0,450.0,58.5,0.0
2024-12-25 04:00:00,17.4,17.4,439.0,57.2,1.0
2024-12-25 05:00:00,17.8,17.8,432.0,55.5,3.0
2024-12-25 06:00:00,17.6,17.6,422.0,53.7,5.0
2024-12-25 07:00:00,17.2,17.2,404.0,51.5,7.0
2024-12-25 08:00:00,17.0,17.0,383.0,49.2,9.0
2024-12-25 09:00:00,17.0,17.0,372.0,48.6,9.0
2024-12-25 10:00:00,17.3,17.3,382.0,51.9,5.0
2024-12-25 11:00:00,17.6,17.6,402.0,56.9,1.0
2024-12-25 12:00:00,21.5,21.1,415.0,53.2,0.0
2024-12-25 13:00:00,21.8,21.4,417.0,49.0,7.0
2024-12-25 14:00:00,21.5,21.1,411.0,43.0,18.0
2024-12-25 15:00:00,16.4,16.0,395.0,36.5,28.0
2024-12-25 16:00:00,11.4,11.2,355.0,28.3,39.0
2024-12-25 17:00:00,8.0,8.0,304.0,19.6,51.0
2024-12-25 18:00:00,6.8,6.7,276.0,15.5,57.0
2024-12-25 19:00:00,6.2,6.2,288.0,18.6,55.0
2024-12-25 20:00:00,6.2,6.2,324.0,26.3,48.0
2024-12-25 21:00:00,10.7,10.7,368.0,35.7,38.0
2024-12-25 22:00:00,18.8,18.8,430.0,47.9,25.0
2024-12-25 23:00:00,22.1,22.0,500.0,62.0,10.0
2024-12-26 00:00:00,25.9,25.7,532.0,71.0,0.0
2024-12-26 01:00:00,23.3,23.1,492.0,70.5,0.0
2024-12-26 02:00:00,19.9,19.8,415.0,69.5,1.0
2024-12-26 03:00:00,18.0,17.9,351.0,67.4,3.0
2024-12-26 04:00:00,17.5,17.3,323.0,63.3,7.0
2024-12-26 05:00:00,17.4,17.2,308.0,58.1,11.0
2024-12-26 06:00:00,17.2,16.9,299.0,53.4,15.0
2024-12-26 07:00:00,17.0,16.7,290.0,49.1,18.0
2024-12-26 08:00:00,17.0,16.7,286.0,45.5,20.0
2024-12-26 09:00:00,17.2,16.9,289.0,44.7,20.0
2024-12-26 10:00:00,17.6,17.3,299.0,49.9,14.0
2024-12-26 11:00:00,18.7,18.4,316.0,57.9,6.0
2024-12-26 12:00:00,23.9,23.6,340.0,58.7,2.0
2024-12-26 13:00:00,27.4,27.1,382.0,53.6,9.0
2024-12-26 14:00:00,29.2,28.8,432.0,46.3,19.0
2024-12-26 15:00:00,28.1,27.7,459.0,39.9,29.0
2024-12-26 16:00:00,25.3,24.9,435.0,33.7,40.0
2024-12-26 17:00:00,22.3,22.0,389.0,28.3,52.0
2024-12-26 18:00:00,20.5,20.3,370.0,28.1,56.0
2024-12-26 19:00:00,20.3,20.0,390.0,37.1,49.0
2024-12-26 20:00:00,21.8,21.5,438.0,51.4,35.0
2024-12-26 21:00:00,28.9,28.6,532.0,63.6,22.0
2024-12-26 22:00:00,47.6,46.9,734.0,71.5,13.0
2024-12-26 23:00:00,62.2,61.0,981.0,77.4,5.0
2024-12-27 00:00:00,72.2,70.5,1109.0,76.3,0.0
2024-12-27 01:00:00,75.7,73.8,1007.0,75.3,0.0
2024-12-27 02:00:00,71.2,69.4,784.0,73.8,0.0
2024-12-27 03:00:00,69.6,67.8,605.0,72.3,0.0
2024-12-27 04:00:00,70.1,68.2,538.0,70.8,0.0
2024-12-27 05:00:00,68.9,67.1,513.0,69.2,0.0
2024-12-27 06:00:00,65.0,63.1,489.0,67.6,0.0
2024-12-27 07:00:00,60.8,59.0,442.0,66.1,0.0
2024-12-27 08:00:00,57.6,56.0,396.0,64.6,0.0
2024-12-27 09:00:00,54.8,53.3,375.0,63.1,0.0
2024-12-27 10:00:00,53.0,51.5,390.0,61.3,0.0
2024-12-27 11:00:00,52.2,50.6,431.0,59.6,0.0
2024-12-27 12:00:00,35.4,34.6,496.0,58.7,0.0
2024-12-27 13:00:00,42.6,41.4,618.0,58.6,3.0
2024-12-27 14:00:00,48.3,47.0,766.0,58.4,8.0
2024-12-27 15:00:00,43.9,42.7,839.0,57.1,14.0
2024-12-27 16:00:00,34.8,33.9,767.0,52.6,24.0
2024-12-27 17:00:00,33.3,32.5,622.0,47.1,36.0
2024-12-27 18:00:00,32.7,32.2,518.0,46.4,41.0
2024-12-27 19:00:00,32.4,31.9,499.0,54.9,34.0
2024-12-27 20:00:00,33.8,33.4,522.0,68.1,20.0
2024-12-27 21:00:00,42.8,42.5,572.0,78.5,9.0
2024-12-27 22:00:00,54.6,53.8,675.0,82.9,4.0
2024-12-27 23:00:00,60.8,59.6,805.0,84.4,1.0
2024-12-28 00:00:00,70.8,69.2,871.0,74.3,0.0
2024-12-28 01:00:00,63.6,61.5,824.0,73.6,0.0
2024-12-28 02:00:00,59.3,56.8,713.0,72.7,0.0
2024-12-28 03:00:00,57.9,54.9,599.0,72.2,0.0
2024-12-28 04:00:00,53.6,50.5,488.0,72.5,0.0
2024-12-28 05:00:00,44.7,41.3,373.0,73.2,0.0
2024-12-28 06:00:00,36.3,33.2,292.0,73.2,0.0
2024-12-28 07:00:00,30.6,27.6,256.0,71.7,2.0
2024-12-28 08:00:00,27.0,24.0,254.0,69.6,5.0
2024-12-28 09:00:00,24.7,21.8,284.0,68.8,6.0
2024-12-28 10:00:00,23.9,21.0,357.0,70.4,5.0
2024-12-28 11:00:00,24.5,21.5,462.0,73.2,2.0
2024-12-28 12:00:00,22.2,20.1,570.0,76.4,0.0
2024-12-28 13:00:00,29.0,26.8,693.0,76.4,1.0
2024-12-28 14:00:00,31.9,29.4,819.0,76.3,1.0
2024-12-28 15:00:00,32.0,29.3,880.0,75.7,2.0
2024-12-28 16:00:00,32.0,29.6,823.0,74.3,3.0
2024-12-28 17:00:00,32.9,30.9,702.0,72.5,3.0
2024-12-28 18:00:00,31.5,30.0,610.0,70.7,4.0
2024-12-28 19:00:00,28.2,27.0,571.0,69.2,5.0
2024-12-28 20:00:00,25.3,24.2,561.0,67.7,5.0
2024-12-28 21:00:00,25.5,24.4,606.0,66.4,5.0
2024-12-28 22:00:00,28.8,27.8,769.0,65.6,4.0
2024-12-28 23:00:00,33.4,32.5,988.0,64.9,2.0
2024-12-29 00:00:00,23.1,22.8,1100.0,67.0,0.0
2024-12-29 01:00:00,28.2,27.7,1005.0,65.9,0.0
2024-12-29 02:00:00,30.3,29.5,804.0,64.3,0.0
2024-12-29 03:00:00,29.0,28.2,639.0,62.5,0.0
2024-12-29 04:00:00,30.4,29.2,562.0,60.7,0.0
2024-12-29 05:00:00,30.7,29.3,520.0,58.7,0.0
2024-12-29 06:00:00,31.3,29.5,501.0,56.5,0.0
2024-12-29 07:00:00,32.4,30.3,492.0,53.5,0.0
2024-12-29 08:00:00,33.1,31.0,506.0,50.4,0.0
2024-12-29 09:00:00,32.9,31.0,566.0,48.5,0.0
2024-12-29 10:00:00,30.7,28.8,734.0,48.4,0.0
2024-12-29 11:00:00,23.6,22.0,949.0,49.6,0.0
2024-12-29 12:00:00,22.5,21.2,1048.0,49.4,0.0
2024-12-29 13:00:00,14.6,13.9,928.0,54.8,4.0
2024-12-29 14:00:00,11.8,11.3,692.0,62.0,9.0
2024-12-29 15:00:00,14.8,13.6,494.0,65.8,15.0
2024-12-29 16:00:00,20.0,17.8,391.0,63.6,22.0
2024-12-29 17:00:00,21.7,18.4,326.0,58.0,30.0
2024-12-29 18:00:00,22.0,18.3,275.0,51.2,38.0
2024-12-29 19:00:00,18.7,14.8,233.0,42.2,48.0
2024-12-29 20:00:00,15.5,11.7,207.0,31.9,59.0
2024-12-29 21:00:00,14.2,10.6,191.0,25.7,66.0
2024-12-29 22:00:00,14.4,10.7,190.0,27.4,64.0
2024-12-29 23:00:00,13.7,10.4,200.0,33.2,57.0
2024-12-30 00:00:00,12.8,9.3,203.0,29.1,61.0
2024-12-30 01:00:00,8.7,6.9,191.0,27.1,64.0
2024-12-30 02:00:00,9.0,7.0,173.0,24.1,67.0
2024-12-30 03:00:00,8.9,6.9,158.0,20.7,71.0
2024-12-30 04:00:00,8.7,6.7,150.0,16.2,75.0
2024-12-30 05:00:00,7.9,6.0,145.0,11.3,80.0
2024-12-30 06:00:00,6.2,4.8,143.0,8.0,83.0
2024-12-30 07:00:00,4.6,3.7,142.0,6.8,84.0
2024-12-30 08:00:00,3.2,2.7,144.0,7.3,83.0
2024-12-30 09:00:00,3.1,2.7,149.0,10.6,78.0
2024-12-30 10:00:00,3.9,3.5,161.0,19.6,63.0
2024-12-30 11:00:00,5.8,5.4,177.0,31.5,45.0
2024-12-30 12:00:00,7.5,7.3,190.0,35.1,40.0
2024-12-30 13:00:00,10.2,9.9,198.0,35.9,38.0
2024-12-30 14:00:00,10.7,10.5,202.0,36.7,35.0
2024-12-30 15:00:00,9.1,8.9,203.0,35.0,37.0
2024-12-30 16:00:00,4.3,4.2,197.0,27.8,50.0
2024-12-30 17:00:00,2.9,2.8,188.0,18.1,68.0
2024-12-30 18:00:00,2.5,2.5,185.0,12.1,79.0
2024-12-30 19:00:00,2.5,2.5,190.0,13.0,76.0
2024-12-30 20:00:00,2.7,2.7,202.0,17.6,65.0
2024-12-30 21:00:00,3.9,3.9,225.0,22.4,55.0
2024-12-30 22:00:00,5.1,5.1,273.0,26.7,49.0
2024-12-30 23:00:00,5.7,5.7,332.0,31.2,43.0
2024-12-31 00:00:00,12.3,12.3,364.0,57.8,14.0
2024-12-31 01:00:00,12.0,11.9,344.0,56.5,14.0
2024-12-31 02:00:00,11.9,11.9,298.0,54.4,15.0
2024-12-31 03:00:00,12.3,12.2,263.0,51.1,16.0
2024-12-31 04:00:00,12.5,12.5,257.0,45.5,19.0
2024-12-31 05:00:00,12.2,12.1,263.0,38.7,23.0
2024-12-31 06:00:00,11.6,11.5,268.0,33.9,26.0
2024-12-31 07:00:00,11.3,11.2,259.0,32.0,26.0
2024-12-31 08:00:00,11.1,11.0,248.0,32.0,24.0
2024-12-31 09:00:00,11.1,10.9,261.0,34.0,21.0
2024-12-31 10:00:00,11.3,11.2,314.0,39.5,14.0
2024-12-31 11:00:00,12.2,12.1,391.0,47.0,5.0
2024-12-31 12:00:00,10.5,10.5,465.0,49.7,0.0
2024-12-31 13:00:00,23.8,23.7,544.0,49.1,2.0
2024-12-31 14:00:00,32.4,32.2,620.0,48.3,5.0
2024-12-31 15:00:00,21.7,21.4,640.0,46.9,9.0
2024-12-31 16:00:00,16.8,16.4,557.0,44.3,16.0
2024-12-31 17:00:00,12.6,12.3,419.0,41.2,25.0
2024-12-31 18:00:00,10.2,9.9,316.0,39.8,30.0
2024-12-31 19:00:00,8.9,8.5,292.0,41.6,28.0
2024-12-31 20:00:00,9.9,8.9,303.0,45.2,23.0
2024-12-31 21:00:00,11.4,10.1,314.0,48.4,19.0
2024-12-31 22:00:00,12.2,10.7,313.0,51.5,16.0
2024-12-31 23:00:00,12.8,11.1,311.0,54.4,14.0
2025-01-01 00:00:00,11.8,10.0,304.0,49.6,17.0
2025-01-01 01:00:00,10.4,8.8,289.0,43.3,26.0
2025-01-01 02:00:00,8.8,7.4,269.0,34.5,38.0
2025-01-01 03:00:00,7.8,6.4,248.0,27.4,48.0
2025-01-01 04:00:00,7.4,6.0,224.0,23.4,54.0
2025-01-01 05:00:00,7.5,6.1,199.0,21.0,58.0
2025-01-01 06:00:00,8.2,6.9,185.0,20.5,58.0
2025-01-01 07:00:00,8.7,7.6,189.0,22.4,52.0
2025-01-01 08:00:00,10.5,9.3,204.0,26.1,42.0
2025-01-01 09:00:00,11.6,10.8,222.0,29.7,33.0
2025-01-01 10:00:00,10.4,9.8,240.0,33.2,27.0
2025-01-01 11:00:00,9.2,8.8,260.0,36.6,23.0
2025-01-01 12:00:00,12.4,11.3,279.0,39.5,15.0
2025-01-01 13:00:00,13.5,12.8,300.0,37.1,17.0
2025-01-01 14:00:00,13.9,13.4,321.0,33.6,20.0
2025-01-01 15:00:00,13.7,13.4,332.0,29.8,22.0
2025-01-01 16:00:00,9.2,9.1,327.0,25.3,21.0
2025-01-01 17:00:00,4.8,4.8,313.0,20.5,19.0
2025-01-01 18:00:00,3.4,3.4,297.0,16.9,21.0
2025-01-01 19:00:00,4.0,4.0,280.0,15.4,29.0
2025-01-01 20:00:00,2.1,2.1,262.0,15.1,41.0
2025-01-01 21:00:00,1.9,1.9,248.0,15.3,50.0
2025-01-01 22:00:00,2.1,2.1,244.0,16.0,53.0
2025-01-01 23:00:00,2.3,2.2,244.0,17.0,54.0
2025-01-02 00:00:00,5.3,5.2,242.0,17.6,51.0
2025-01-02 01:00:00,3.6,3.5,233.0,17.0,54.0
2025-01-02 02:00:00,3.3,3.1,221.0,16.1,59.0
2025-01-02 03:00:00,3.1,3.0,210.0,14.7,63.0
2025-01-02 04:00:00,2.9,2.8,200.0,12.4,67.0
2025-01-02 05:00:00,2.6,2.6,191.0,9.7,69.0
2025-01-02 06:00:00,2.5,2.5,187.0,7.9,70.0
2025-01-02 07:00:00,2.3,2.3,190.0,7.3,67.0
2025-01-02 08:00:00,2.0,2.0,197.0,7.6,61.0
2025-01-02 09:00:00,1.6,1.6,207.0,8.8,55.0
2025-01-02 10:00:00,1.4,1.4,219.0,11.8,49.0
2025-01-02 11:00:00,1.5,1.5,232.0,15.7,43.0
2025-01-02 12:00:00,0.9,0.9,244.0,17.6,38.0
2025-01-02 13:00:00,2.3,2.2,255.0,16.2,39.0
2025-01-02 14:00:00,3.1,3.0,265.0,14.3,40.0
2025-01-02 15:00:00,2.3,2.2,267.0,12.2,42.0
2025-01-02 16:00:00,1.4,1.3,254.0,9.7,47.0
2025-01-02 17:00:00,1.2,1.2,233.0,7.0,53.0
2025-01-02 18:00:00,1.2,1.2,217.0,5.9,57.0
2025-01-02 19:00:00,1.3,1.3,212.0,7.2,56.0
2025-01-02 20:00:00,1.5,1.5,213.0,10.0,52.0
2025-01-02 21:00:00,2.1,2.1,219.0,12.9,47.0
2025-01-02 22:00:00,2.6,2.6,232.0,15.9,42.0
2025-01-02 23:00:00,2.8,2.8,250.0,19.1,36.0
2025-01-03 00:00:00,5.4,5.4,261.0,21.1,34.0
2025-01-03 01:00:00,4.8,4.8,260.0,21.1,33.0
2025-01-03 02:00:00,4.2,4.2,252.0,21.0,32.0
2025-01-03 03:00:00,3.9,3.9,244.0,20.0,33.0
2025-01-03 04:00:00,3.8,3.8,238.0,17.2,36.0
2025-01-03 05:00:00,3.6,3.6,231.0,13.5,41.0
2025-01-03 06:00:00,3.3,3.3,225.0,10.8,45.0
2025-01-03 07:00:00,3.1,3.1,217.0,9.5,48.0
2025-01-03 08:00:00,2.8,2.8,208.0,9.1,49.0
2025-01-03 09:00:00,2.7,2.7,207.0,10.3,49.0
2025-01-03 10:00:00,2.7,2.7,218.0,14.5,45.0
2025-01-03 11:00:00,2.9,2.9,236.0,20.2,39.0
2025-01-03 12:00:00,2.7,2.6,251.0,21.5,42.0
2025-01-03 13:00:00,4.4,4.3,259.0,19.6,44.0
2025-01-03 14:00:00,5.4,5.3,264.0,16.9,48.0
2025-01-03 15:00:00,3.8,3.8,263.0,14.5,51.0
2025-01-03 16:00:00,3.5,3.5,253.0,12.2,55.0
2025-01-03 17:00:00,3.2,3.2,239.0,10.1,59.0
2025-01-03 18:00:00,3.4,3.4,229.0,9.8,60.0
2025-01-03 19:00:00,3.7,3.6,226.0,11.6,59.0
2025-01-03 20:00:00,4.0,4.0,228.0,15.1,55.0
2025-01-03 21:00:00,5.3,5.2,239.0,20.9,48.0
2025-01-03 22:00:00,7.9,7.8,268.0,31.5,36.0
2025-01-03 23:00:00,10.0,9.9,305.0,44.5,20.0
2025-01-04 00:00:00,14.5,14.3,330.0,43.4,20.0
2025-01-04 01:00:00,13.9,13.6,334.0,42.6,20.0
2025-01-04 02:00:00,12.5,12.3,325.0,41.2,20.0
2025-01-04 03:00:00,11.2,11.0,308.0,37.5,23.0
2025-01-04 04:00:00,10.0,9.9,280.0,29.5,32.0
2025-01-04 05:00:00,8.4,8.4,244.0,19.3,44.0
2025-01-04 06:00:00,6.9,6.8,214.0,11.6,55.0
2025-01-04 07:00:00,5.6,5.5,196.0,8.3,62.0
2025-01-04 08:00:00,4.4,4.2,183.0,7.5,68.0
2025-01-04 09:00:00,3.2,3.1,176.0,7.8,71.0
2025-01-04 10:00:00,2.2,2.1,175.0,9.4,71.0
2025-01-04 11:00:00,1.7,1.7,179.0,12.1,68.0
2025-01-04 12:00:00,2.4,2.4,182.0,13.4,69.0
2025-01-04 13:00:00,3.0,2.9,180.0,12.4,71.0
2025-01-04 14:00:00,2.3,2.3,177.0,11.1,74.0
2025-01-04 15:00:00,2.0,2.0,175.0,9.8,76.0
2025-01-04 16:00:00,2.0,2.0,174.0,8.7,77.0
2025-01-04 17:00:00,1.9,1.9,174.0,7.6,78.0
2025-01-04 18:00:00,1.9,1.9,175.0,7.1,78.0
2025-01-04 19:00:00,2.0,1.9,178.0,7.0,78.0
2025-01-04 20:00:00,2.0,1.9,183.0,7.5,78.0
2025-01-04 21:00:00,1.9,1.9,190.0,8.9,76.0
2025-01-04 22:00:00,2.8,2.8,200.0,12.3,72.0
2025-01-04 23:00:00,3.2,3.2,212.0,16.7,66.0
2025-01-05 00:00:00,4.8,4.7,219.0,21.1,60.0
2025-01-05 01:00:00,4.1,4.0,219.0,20.3,61.0
2025-01-05 02:00:00,3.6,3.6,215.0,19.1,61.0
2025-01-05 03:00:00,3.2,3.2,209.0,17.3,63.0
2025-01-05 04:00:00,2.9,2.8,201.0,14.4,66.0
2025-01-05 05:00:00,2.5,2.4,193.0,10.9,70.0
2025-01-05 06:00:00,2.1,2.1,187.0,8.4,72.0
2025-01-05 07:00:00,2.0,1.9,187.0,7.4,73.0
2025-01-05 08:00:00,2.0,1.9,189.0,7.4,72.0
2025-01-05 09:00:00,2.0,2.0,195.0,8.4,71.0
2025-01-05 10:00:00,2.2,2.1,205.0,11.5,67.0
2025-01-05 11:00:00,2.4,2.4,218.0,15.7,63.0
2025-01-05 12:00:00,5.4,5.3,227.0,17.1,62.0
2025-01-05 13:00:00,6.4,6.4,229.0,15.3,64.0
2025-01-05 14:00:00,6.0,5.9,227.0,12.8,67.0
2025-01-05 15:00:00,5.3,5.2,224.0,10.7,70.0
2025-01-05 16:00:00,4.6,4.6,220.0,9.2,72.0
2025-01-05 17:00:00,4.2,4.1,214.0,8.1,73.0
2025-01-05 18:00:00,3.7,3.7,210.0,7.7,74.0
2025-01-05 19:00:00,3.1,3.0,207.0,8.0,74.0
2025-01-05 20:00:00,2.8,2.8,206.0,8.9,73.0
2025-01-05 21:00:00,2.9,2.9,209.0,11.3,70.0
2025-01-05 22:00:00,4.2,4.2,221.0,16.2,64.0
2025-01-05 23:00:00,4.9,4.9,238.0,22.6,56.0
2025-01-06 00:00:00,10.9,10.7,250.0,30.7,45.0
2025-01-06 01:00:00,10.3,10.2,254.0,30.7,44.0
2025-01-06 02:00:00,10.1,10.0,254.0,30.5,44.0
2025-01-06 03:00:00,10.0,9.9,251.0,29.4,44.0
2025-01-06 04:00:00,9.6,9.5,245.0,26.3,46.0
2025-01-06 05:00:00,9.1,9.1,236.0,22.2,49.0
2025-01-06 06:00:00,9.1,9.0,229.0,19.4,50.0
2025-01-06 07:00:00,8.6,8.5,220.0,18.3,50.0
2025-01-06 08:00:00,8.0,7.9,213.0,18.6,48.0
2025-01-06 09:00:00,8.0,8.0,220.0,21.5,44.0
2025-01-06 10:00:00,8.4,8.3,255.0,29.6,35.0
2025-01-06 11:00:00,8.7,8.6,304.0,40.3,24.0
2025-01-06 12:00:00,12.0,12.0,345.0,54.0,8.0
2025-01-06 13:00:00,13.6,13.4,366.0,53.2,10.0
2025-01-06 14:00:00,13.4,13.2,378.0,52.1,12.0
2025-01-06 15:00:00,12.9,12.7,389.0,50.5,15.0
2025-01-06 16:00:00,13.2,12.9,404.0,48.3,18.0
2025-01-06 17:00:00,13.2,13.0,418.0,45.7,22.0
2025-01-06 18:00:00,12.9,12.5,420.0,43.4,25.0
2025-01-06 19:00:00,11.8,11.5,395.0,41.4,28.0
2025-01-06 20:00:00,10.4,10.1,359.0,39.6,31.0
2025-01-06 21:00:00,10.0,9.7,344.0,38.9,32.0
2025-01-06 22:00:00,11.5,11.1,383.0,41.1,30.0
2025-01-06 23:00:00,10.9,10.5,444.0,44.2,26.0
2025-01-07 00:00:00,11.0,10.1,464.0,35.9,35.0
2025-01-07 01:00:00,9.2,8.1,402.0,30.1,42.0
2025-01-07 02:00:00,8.5,7.3,300.0,21.9,52.0
2025-01-07 03:00:00,8.6,7.2,222.0,15.4,59.0
2025-01-07 04:00:00,9.1,7.7,197.0,12.2,61.0
2025-01-07 05:00:00,8.9,7.4,196.0,10.5,61.0
2025-01-07 06:00:00,8.3,6.9,196.0,9.2,61.0
2025-01-07 07:00:00,6.2,5.1,187.0,7.5,63.0
2025-01-07 08:00:00,4.7,3.9,179.0,6.1,66.0
2025-01-07 09:00:00,3.6,3.0,176.0,5.9,67.0
2025-01-07 10:00:00,2.8,2.4,182.0,8.0,65.0
2025-01-07 11:00:00,2.5,2.2,193.0,11.4,60.0
2025-01-07 12:00:00,2.7,2.5,201.0,13.1,59.0
2025-01-07 13:00:00,3.0,2.9,202.0,11.5,61.0
2025-01-07 14:00:00,3.1,3.0,200.0,9.3,64.0
2025-01-07 15:00:00,2.0,1.9,198.0,7.5,66.0
2025-01-07 16:00:00,1.8,1.7,195.0,6.2,68.0
2025-01-07 17:00:00,1.8,1.7,191.0,5.3,69.0
2025-01-07 18:00:00,1.8,1.7,189.0,5.2,69.0
2025-01-07 19:00:00,1.9,1.8,190.0,6.4,67.0
2025-01-07 20:00:00,1.9,1.8,193.0,8.5,64.0
2025-01-07 21:00:00,2.2,2.2,197.0,10.5,61.0
2025-01-07 22:00:00,2.6,2.6,204.0,12.5,58.0
2025-01-07 23:00:00,2.6,2.5,212.0,14.5,55.0
2025-01-08 00:00:00,3.2,3.2,218.0,15.2,53.0
2025-01-08 01:00:00,3.1,3.0,220.0,15.3,53.0
2025-01-08 02:00:00,2.9,2.9,219.0,15.3,54.0
2025-01-08 03:00:00,2.8,2.8,214.0,14.6,55.0
2025-01-08 04:00:00,2.7,2.7,203.0,12.4,58.0
2025-01-08 05:00:00,2.4,2.4,189.0,9.6,62.0
2025-01-08 06:00:00,2.1,2.1,178.0,7.4,66.0
2025-01-08 07:00:00,1.9,1.8,173.0,6.4,68.0
2025-01-08 08:00:00,1.8,1.8,171.0,6.1,70.0
2025-01-08 09:00:00,1.7,1.7,173.0,6.8,71.0
2025-01-08 10:00:00,1.8,1.7,180.0,9.3,70.0
2025-01-08 11:00:00,2.0,2.0,190.0,12.6,68.0
2025-01-08 12:00:00,0.7,0.7,197.0,15.2,66.0
2025-01-08 13:00:00,2.4,2.4,196.0,13.6,68.0
2025-01-08 14:00:00,2.2,2.2,192.0,11.4,71.0
2025-01-08 15:00:00,2.0,1.9,189.0,9.5,73.0
2025-01-08 16:00:00,1.8,1.8,188.0,8.2,74.0
2025-01-08 17:00:00,1.7,1.7,187.0,7.2,75.0
2025-01-08 18:00:00,1.7,1.7,187.0,6.9,76.0
2025-01-08 19:00:00,1.7,1.7,186.0,7.3,76.0
2025-01-08 20:00:00,1.9,1.9,186.0,8.3,76.0
2025-01-08 21:00:00,2.1,2.1,189.0,9.9,75.0
2025-01-08 22:00:00,2.7,2.7,198.0,12.6,72.0
2025-01-08 23:00:00,3.2,3.2,209.0,15.8,67.0
2025-01-09 00:00:00,3.5,3.4,216.0,15.0,63.0
2025-01-09 01:00:00,2.6,2.6,214.0,14.9,62.0
2025-01-09 02:00:00,2.3,2.2,208.0,14.7,62.0
2025-01-09 03:00:00,2.4,2.2,201.0,13.9,62.0
2025-01-09 04:00:00,2.5,2.2,195.0,11.9,64.0
2025-01-09 05:00:00,2.7,2.3,188.0,9.3,67.0
2025-01-09 06:00:00,2.7,2.4,182.0,7.2,69.0
2025-01-09 07:00:00,2.8,2.4,177.0,6.1,71.0
2025-01-09 08:00:00,2.5,2.2,174.0,5.5,72.0
2025-01-09 09:00:00,2.2,1.9,173.0,5.7,73.0
2025-01-09 10:00:00,1.9,1.6,176.0,7.2,72.0
2025-01-09 11:00:00,1.9,1.6,181.0,9.6,71.0
2025-01-09 12:00:00,1.4,1.3,185.0,10.9,69.0
2025-01-09 13:00:00,1.9,1.9,187.0,10.4,69.0
2025-01-09 14:00:00,2.5,2.4,189.0,9.8,70.0
2025-01-09 15:00:00,2.2,2.2,189.0,9.0,70.0
2025-01-09 16:00:00,2.1,2.0,187.0,7.9,71.0
2025-01-09 17:00:00,2.1,2.0,184.0,6.7,72.0
2025-01-09 18:00:00,2.1,2.0,183.0,6.2,72.0
2025-01-09 19:00:00,2.1,2.0,187.0,7.0,71.0
2025-01-09 20:00:00,2.2,2.1,193.0,8.6,69.0
2025-01-09 21:00:00,2.4,2.2,198.0,10.2,68.0
2025-01-09 22:00:00,2.7,2.6,201.0,11.9,67.0
2025-01-09 23:00:00,2.7,2.6,204.0,13.8,66.0
2025-01-10 00:00:00,4.4,4.0,204.0,14.7,67.0
2025-01-10 01:00:00,3.6,3.4,201.0,14.6,67.0
2025-01-10 02:00:00,3.0,3.0,197.0,14.4,67.0
2025-01-10 03:00:00,2.7,2.7,192.0,13.6,67.0
2025-01-10 04:00:00,2.6,2.5,187.0,11.6,69.0
2025-01-10 05:00:00,2.3,2.2,182.0,8.9,71.0
2025-01-10 06:00:00,2.1,2.0,178.0,6.9,73.0
2025-01-10 07:00:00,2.0,1.9,175.0,5.9,74.0
2025-01-10 08:00:00,2.0,1.8,173.0,5.6,74.0
2025-01-10 09:00:00,2.1,1.9,174.0,6.4,73.0
2025-01-10 10:00:00,2.2,2.0,180.0,9.3,70.0
2025-01-10 11:00:00,2.5,2.3,190.0,13.4,66.0
2025-01-10 12:00:00,1.4,1.4,200.0,15.6,64.0
2025-01-10 13:00:00,3.0,2.9,210.0,15.5,65.0
2025-01-10 14:00:00,3.9,3.8,220.0,15.4,66.0
2025-01-10 15:00:00,3.9,3.8,226.0,14.9,67.0
2025-01-10 16:00:00,3.8,3.7,221.0,13.2,70.0
2025-01-10 17:00:00,3.7,3.6,212.0,11.3,74.0
2025-01-10 18:00:00,3.5,3.4,213.0,11.6,75.0
2025-01-10 19:00:00,3.6,3.5,228.0,14.7,72.0
2025-01-10 20:00:00,3.9,3.9,252.0,20.0,66.0
2025-01-10 21:00:00,5.9,5.8,286.0,28.5,57.0
2025-01-10 22:00:00,9.9,9.7,342.0,43.3,41.0
2025-01-10 23:00:00,12.7,12.5,408.0,61.3,21.0
2025-01-11 00:00:00,12.6,12.3,451.0,70.5,11.0
2025-01-11 01:00:00,13.6,13.2,450.0,72.1,9.0
2025-01-11 02:00:00,14.1,13.8,426.0,74.1,7.0
2025-01-11 03:00:00,15.7,15.3,404.0,74.9,5.0
2025-01-11 04:00:00,17.5,17.1,398.0,73.2,5.0
2025-01-11 05:00:00,19.7,19.2,394.0,70.3,7.0
2025-01-11 06:00:00,20.1,19.6,383.0,67.6,8.0
2025-01-11 07:00:00,22.1,21.5,351.0,65.5,9.0
2025-01-11 08:00:00,22.0,21.4,312.0,63.6,11.0
2025-01-11 09:00:00,21.5,20.9,296.0,62.6,11.0
2025-01-11 10:00:00,22.2,21.7,325.0,64.2,8.0
2025-01-11 11:00:00,22.2,21.7,377.0,66.7,5.0
2025-01-11 12:00:00,24.8,24.1,418.0,68.0,5.0
2025-01-11 13:00:00,28.8,27.9,439.0,58.9,17.0
2025-01-11 14:00:00,24.2,23.5,449.0,46.1,33.0
2025-01-11 15:00:00,18.2,17.6,435.0,34.7,48.0
2025-01-11 16:00:00,13.2,12.9,378.0,25.9,60.0
2025-01-11 17:00:00,9.6,9.3,297.0,18.6,71.0
2025-01-11 18:00:00,7.2,7.1,240.0,14.3,78.0
2025-01-11 19:00:00,5.5,5.4,230.0,14.9,78.0
2025-01-11 20:00:00,4.9,4.8,243.0,18.5,74.0
2025-01-11 21:00:00,5.4,5.3,253.0,21.7,70.0
2025-01-11 22:00:00,5.2,5.2,250.0,23.2,69.0
2025-01-11 23:00:00,5.0,4.9,243.0,24.2,68.0
2025-01-12 00:00:00,5.2,5.1,238.0,22.2,67.0
2025-01-12 01:00:00,4.8,4.7,236.0,21.9,64.0
2025-01-12 02:00:00,4.4,4.3,235.0,21.4,59.0
2025-01-12 03:00:00,4.1,4.1,236.0,20.2,56.0
2025-01-12 04:00:00,3.9,3.9,241.0,17.5,57.0
2025-01-12 05:00:00,3.5,3.5,249.0,14.1,59.0
2025-01-12 06:00:00,3.1,3.1,256.0,11.8,60.0
2025-01-12 07:00:00,3.0,3.0,260.0,10.7,60.0
2025-01-12 08:00:00,3.0,3.0,263.0,10.7,59.0
2025-01-12 09:00:00,3.1,3.1,270.0,13.5,55.0
2025-01-12 10:00:00,3.7,3.7,285.0,22.3,45.0
2025-01-12 11:00:00,4.6,4.6,303.0,33.7,31.0
2025-01-12 12:00:00,10.1,10.0,320.0,47.3,17.0
2025-01-12 13:00:00,13.8,13.7,335.0,39.6,25.0
2025-01-12 14:00:00,14.2,14.1,347.0,28.8,36.0
2025-01-12 15:00:00,11.3,11.2,350.0,19.9,45.0
2025-01-12 16:00:00,9.1,9.0,333.0,14.1,53.0
2025-01-12 17:00:00,7.2,7.1,308.0,10.1,59.0
2025-01-12 18:00:00,6.4,6.3,297.0,9.9,60.0
2025-01-12 19:00:00,6.5,6.4,305.0,15.0,54.0
2025-01-12 20:00:00,6.8,6.7,329.0,23.7,44.0
2025-01-12 21:00:00,11.5,11.5,380.0,33.0,33.0
2025-01-12 22:00:00,25.0,24.9,476.0,43.1,21.0
2025-01-12 23:00:00,38.0,37.8,599.0,53.7,9.0
2025-01-13 00:00:00,52.0,51.7,711.0,61.9,0.0
2025-01-13 01:00:00,54.4,54.0,821.0,61.1,0.0
2025-01-13 02:00:00,58.2,58.0,920.0,60.0,0.0
2025-01-13 03:00:00,56.8,56.5,946.0,59.1,0.0
2025-01-13 04:00:00,51.9,51.6,844.0,58.8,0.0
2025-01-13 05:00:00,47.5,47.1,669.0,58.8,0.0
2025-01-13 06:00:00,45.5,45.2,524.0,58.4,0.0
2025-01-13 07:00:00,45.8,45.5,449.0,57.0,1.0
2025-01-13 08:00:00,46.0,45.6,405.0,55.2,3.0
2025-01-13 09:00:00,43.5,43.2,378.0,54.2,5.0
2025-01-13 10:00:00,40.2,39.9,370.0,55.3,5.0
2025-01-13 11:00:00,38.4,38.1,380.0,57.3,5.0
2025-01-13 12:00:00,24.7,24.6,392.0,52.8,8.0
2025-01-13 13:00:00,25.9,25.8,404.0,50.9,11.0
2025-01-13 14:00:00,26.4,26.3,419.0,48.2,17.0
2025-01-13 15:00:00,23.3,23.1,423.0,45.2,22.0
2025-01-13 16:00:00,23.2,22.9,411.0,41.5,28.0
2025-01-13 17:00:00,23.1,22.9,388.0,37.4,35.0
2025-01-13 18:00:00,23.6,23.3,362.0,34.7,40.0
2025-01-13 19:00:00,23.5,23.3,327.0,34.6,44.0
2025-01-13 20:00:00,22.7,22.5,287.0,35.9,46.0
2025-01-13 21:00:00,17.9,17.5,265.0,36.5,49.0
2025-01-13 22:00:00,13.3,12.9,277.0,35.1,53.0
2025-01-13 23:00:00,9.5,9.1,306.0,33.0,57.0
2025-01-14 00:00:00,17.4,16.7,323.0,57.9,29.0
2025-01-14 01:00:00,15.3,14.6,314.0,59.2,27.0
2025-01-14 02:00:00,14.2,13.6,293.0,60.6,25.0
2025-01-14 03:00:00,14.1,13.6,277.0,58.4,26.0
2025-01-14 04:00:00,14.0,13.5,273.0,49.6,33.0
2025-01-14 05:00:00,13.3,12.9,274.0,37.2,43.0
2025-01-14 06:00:00,12.0,11.6,273.0,26.5,52.0
2025-01-14 07:00:00,9.8,9.5,266.0,18.7,58.0
2025-01-14 08:00:00,7.3,7.1,257.0,12.6,63.0
2025-01-14 09:00:00,5.3,5.2,249.0,9.4,65.0
2025-01-14 10:00:00,4.1,4.0,243.0,11.4,60.0
2025-01-14 11:00:00,3.8,3.8,239.0,16.4,51.0
2025-01-14 12:00:00,0.4,0.4,235.0,17.0,50.0
2025-01-14 13:00:00,2.4,2.3,231.0,14.9,54.0
2025-01-14 14:00:00,2.1,2.1,228.0,12.0,60.0
2025-01-14 15:00:00,1.9,1.9,225.0,9.6,65.0
2025-01-14 16:00:00,1.9,1.9,223.0,8.2,68.0
2025-01-14 17:00:00,1.9,1.9,222.0,7.4,70.0
2025-01-14 18:00:00,1.9,1.8,223.0,7.4,71.0
2025-01-14 19:00:00,1.8,1.8,225.0,7.8,71.0
2025-01-14 20:00:00,1.9,1.8,229.0,9.0,71.0
2025-01-14 21:00:00,2.5,2.4,235.0,11.9,68.0
2025-01-14 22:00:00,4.1,4.0,247.0,18.6,60.0
2025-01-14 23:00:00,5.2,5.1,261.0,27.1,50.0
2025-01-15 00:00:00,10.9,10.9,269.0,35.0,38.0
2025-01-15 01:00:00,10.0,10.0,266.0,31.5,41.0
2025-01-15 02:00:00,8.8,8.7,256.0,26.6,45.0
2025-01-15 03:00:00,7.3,7.3,246.0,21.7,50.0
2025-01-15 04:00:00,6.1,6.1,237.0,16.9,56.0
2025-01-15 05:00:00,5.5,5.4,227.0,12.2,62.0
2025-01-15 06:00:00,5.5,5.4,218.0,8.8,66.0
2025-01-15 07:00:00,5.8,5.7,209.0,7.4,68.0
2025-01-15 08:00:00,6.0,5.9,201.0,7.3,68.0
2025-01-15 09:00:00,6.1,5.9,197.0,8.4,67.0
2025-01-15 10:00:00,6.0,5.8,202.0,11.7,62.0
2025-01-15 11:00:00,5.7,5.5,211.0,16.1,55.0
2025-01-15 12:00:00,5.8,5.7,216.0,18.4,52.0
2025-01-15 13:00:00,6.0,5.9,214.0,16.6,55.0
2025-01-15 14:00:00,5.0,5.0,208.0,12.7,61.0
2025-01-15 15:00:00,2.9,2.9,202.0,9.4,67.0
2025-01-15 16:00:00,2.5,2.4,198.0,7.6,70.0
2025-01-15 17:00:00,2.2,2.2,195.0,6.5,73.0
2025-01-15 18:00:00,2.2,2.1,193.0,6.1,74.0
2025-01-15 19:00:00,2.2,2.1,193.0,6.4,74.0
2025-01-15 20:00:00,2.3,2.2,195.0,7.5,73.0
2025-01-15 21:00:00,2.5,2.4,200.0,9.8,71.0
2025-01-15 22:00:00,3.3,3.2,211.0,13.8,67.0
2025-01-15 23:00:00,4.1,4.0,226.0,18.9,62.0
